Time,Day_of_week,Age_band_of_driver,Sex_of_driver,Educational_level,Vehicle_driver_relation,Driving_experience,Owner_of_vehicle,Area_accident_occured,Lanes_or_Medians,Road_allignment,Types_of_Junction,Road_surface_type,Road_surface_conditions,Light_conditions,Weather_conditions,Type_of_collision,Number_of_vehicles_involved,Number_of_casualties,Vehicle_movement,Casualty_class,Sex_of_casualty,Age_band_of_casualty,Casualty_severity,Pedestrian_movement,Cause_of_accident,Accident_severity
9:50:00,Tuesday,31-50,Male,Junior high school,Employee,2-5yr,Owner,Other,Two-way (divided with broken lines road marking),Tangent road with flat terrain,Y Shape,Asphalt roads,Dry,Daylight,Normal,Collision with pedestrians,3,3,Going straight,Driver or rider,Female,31-50,3,Not a Pedestrian,No priority to vehicle,Slight Injury
9:50:00,Tuesday,31-50,Male,High school,Employee,1-2yr,Owner,Residential areas,Undivided Two way,Tangent road with flat terrain,Y Shape,Asphalt roads,Dry,Daylight,Normal,Vehicle with vehicle collision,3,3,Going straight,Passenger,Female,18-30,3,Not a Pedestrian,Changing lane to the right,Slight Injury
9:50:00,Tuesday,31-50,Male,Junior high school,Employee,5-10yr,Governmental,Other,Undivided Two way,Tangent road with flat terrain,Y Shape,Asphalt roads,Dry,Daylight,Normal,Vehicle with vehicle collision,3,3,Reversing,Passenger,Female,Under 18,3,Not a Pedestrian,No priority to pedestrian,Slight Injury
9:50:00,Tuesday,18-30,Male,Junior high school,Employee,Below 1yr,Owner,Other,Undivided Two way,Tangent road with flat terrain,Y Shape,Asphalt roads,Dry,Daylight,Normal,Vehicle with vehicle collision,3,3,Going straight,na,na,na,na,Not a Pedestrian,No priority to vehicle,Slight Injury
18:40:00,Thursday,18-30,Male,Junior high school,Employee,Below 1yr,Owner, Industrial areas,Undivided Two way,Tangent road with flat terrain,Y Shape,Asphalt roads,Dry,Daylight,Normal,Vehicle with vehicle collision,1,1,Going straight,Driver or rider,Male,Over 51,3,Not a Pedestrian,Changing lane to the left,Slight Injury
18:44:00,Tuesday,31-50,Male,Elementary school,Employee,Unknown,Owner,  Recreational areas,Undivided Two way,Tangent road with flat terrain,Crossing,Asphalt roads,Wet or damp,Daylight,Windy,Vehicle with vehicle collision,1,1,Going straight,Driver or rider,Male,18-30,3,Not a Pedestrian,Turnover,Slight Injury
19:33:00,Sunday,31-50,Male,Junior high school,Employee,Below 1yr,Owner, Church areas,Two-way (divided with broken lines road marking),Tangent road with flat terrain,No junction,Asphalt roads,Dry,Daylight,Normal,Vehicle with vehicle collision,3,1,Turnover,na,na,na,na,Not a Pedestrian,Driving to the left,Serious Injury
19:33:00,Sunday,Over 51,Male,Junior high school,Employee,1-2yr,Owner,Office areas,Two-way (divided with broken lines road marking),Tangent road with flat terrain,No junction,Asphalt roads,Dry,Daylight,Normal,Vehicle with vehicle collision,3,1,Reversing,Driver or rider,Female,Over 51,3,Not a Pedestrian,Driving carelessly,Serious Injury
19:33:00,Sunday,Under 18,Male,Elementary school,Employee,2-5yr,Owner,Other,Two-way (divided with broken lines road marking),Tangent road with flat terrain,No junction,Asphalt roads,Dry,Daylight,Normal,Vehicle with vehicle collision,3,1,Going straight,Driver or rider,Male,Over 51,3,Not a Pedestrian,Driving to the left,Serious Injury
12:25:00,Thursday,Over 51,Male,High school,Employee,1-2yr,Owner,Office areas,Undivided Two way,Tangent road with flat terrain,Y Shape,Asphalt roads,Dry,Daylight,Normal,Collision with pedestrians,2,1,Going straight,na,na,na,na,Not a Pedestrian,Driving carelessly,Slight Injury
12:25:00,Thursday,31-50,Male,Junior high school,Employee,5-10yr,Owner,Office areas,Two-way (divided with broken lines road marking),Tangent road with flat terrain,Y Shape,Asphalt roads,Dry,Daylight,Normal,Vehicle with vehicle collision,2,1,Turnover,Driver or rider,Male,31-50,3,Not a Pedestrian,No priority to pedestrian,Slight Injury
19:00:00,Thursday,18-30,Male,Junior high school,Employee,Below 1yr,Owner,Other,Two-way (divided with broken lines road marking),Tangent road with flat terrain,No junction,Asphalt roads,Dry,Daylight,Normal,Vehicle with vehicle collision,2,1,Moving Backward,na,na,na,na,Not a Pedestrian,Driving carelessly,Slight Injury
19:00:00,Thursday,31-50,Male,High school,Employee,Above 10yr,Owner,Residential areas,Undivided Two way,Tangent road with flat terrain,No junction,Asphalt roads,Dry,Daylight,Normal,Vehicle with vehicle collision,2,1,Going straight,Passenger,Female,18-30,3,Not a Pedestrian,Changing lane to the right,Slight Injury
20:00:00,Friday,Unknown,Female,Elementary school,Owner,5-10yr,Owner,Office areas,other,Tangent road with mountainous terrain and,No junction,Asphalt roads,Dry,Daylight,Normal,Vehicle with vehicle collision,1,3,Going straight,na,na,na,na,Not a Pedestrian,Moving Backward,Serious Injury
20:00:00,Friday,Unknown,Female,Elementary school,Employee,Below 1yr,Owner,Residential areas,other,Tangent road with flat terrain,No junction,Asphalt roads,Dry,Daylight,Normal,Collision with roadside objects,1,3,Going straight,Driver or rider,Female,31-50,3,Not a Pedestrian,Driving carelessly,Serious Injury
20:00:00,Friday,Unknown,Female,Junior high school,Employee,5-10yr,Owner,School areas,Two-way (divided with broken lines road marking),Tangent road with flat terrain,No junction,Asphalt roads,Dry,Daylight,Normal,Vehicle with vehicle collision,1,3,Reversing,Passenger,Female,Under 18,3,Not a Pedestrian,Changing lane to the right,Serious Injury
13:50:00,Sunday,31-50,Male,Elementary school,Owner,5-10yr,Owner,Office areas,Two-way (divided with broken lines road marking),Sharp reverse curve,No junction,Asphalt roads,Dry,Daylight,Normal,Vehicle with vehicle collision,1,1,Going straight,na,na,na,na,Not a Pedestrian,Driving carelessly,Serious Injury
12:05:00,Friday,18-30,Male,Junior high school,Employee,2-5yr,Owner,Other,other,Tangent road with flat terrain,Unknown,Asphalt roads,Dry,Daylight,Normal,Vehicle with vehicle collision,2,4,Going straight,Driver or rider,Male,31-50,3,Not a Pedestrian,Driving carelessly,Slight Injury
12:05:00,Friday,18-30,Male,Junior high school,Employee,Above 10yr,Owner,Other,Undivided Two way,Tangent road with flat terrain,Unknown,Asphalt roads,Dry,Daylight,Normal,Vehicle with vehicle collision,2,4,Going straight,na,na,na,na,Not a Pedestrian,Driving carelessly,Slight Injury
12:05:00,Friday,18-30,Male,Junior high school,Employee,5-10yr,Owner, Church areas,other,Tangent road with flat terrain,Unknown,Asphalt roads,Dry,Daylight,Normal,Vehicle with vehicle collision,2,4,Parked,Passenger,Female,Over 51,3,Not a Pedestrian,Changing lane to the right,Slight Injury
12:05:00,Friday,31-50,Unknown,High school,Employee,1-2yr,Owner,Office areas,Two-way (divided with broken lines road marking),Tangent road with flat terrain,Unknown,Asphalt roads,Dry,Daylight,Normal,Vehicle with vehicle collision,2,4,Going straight,na,na,na,na,Not a Pedestrian,Changing lane to the right,Slight Injury
17:05:00,Wednesday,Over 51,Male,Elementary school,Employee,5-10yr,Owner,Other,Two-way (divided with broken lines road marking),Tangent road with flat terrain,Y Shape,Asphalt roads,Wet or damp,Daylight,Windy,Vehicle with vehicle collision,2,1,Going straight,Pedestrian,Male,Over 51,3,Unknown or other,Driving carelessly,Serious Injury
17:05:00,Wednesday,31-50,Male,Elementary school,Employee,2-5yr,Owner,Office areas,Two-way (divided with broken lines road marking),Tangent road with mild grade and flat terrain,Y Shape,Asphalt roads,Wet or damp,Daylight,Windy,Collision with roadside objects,2,1,Unknown,na,na,na,na,Not a Pedestrian,Overtaking,Serious Injury
20:40:00,Saturday,18-30,Male,Junior high school,Employee,Below 1yr,Owner,Office areas,Two-way (divided with broken lines road marking),Tangent road with flat terrain,Crossing,Asphalt roads,Dry,Darkness - lights lit,Normal,Vehicle with vehicle collision,2,1,Going straight,Driver or rider,Male,Over 51,3,Not a Pedestrian,Changing lane to the right,Slight Injury
20:40:00,Saturday,31-50,Male,Junior high school,Employee,Below 1yr,Owner,Office areas,Two-way (divided with broken lines road marking),Sharp reverse curve,Crossing,Asphalt roads,Dry,Darkness - lights lit,Normal,Vehicle with vehicle collision,2,1,Going straight,Passenger,Female,Over 51,3,Not a Pedestrian,No distancing,Slight Injury
19:08:00,Thursday,18-30,Male,Junior high school,Employee,5-10yr,Owner, Church areas,Undivided Two way,Sharp reverse curve,Y Shape,Asphalt roads,Dry,Daylight,Unknown,Vehicle with vehicle collision,1,1,Stopping,na,na,na,na,Not a Pedestrian,Other,Serious Injury
19:16:00,Tuesday,Over 51,Male,Junior high school,Owner,5-10yr,Owner,Office areas,Undivided Two way,Gentle horizontal curve,No junction,Asphalt roads,Dry,Daylight,Normal,Vehicle with vehicle collision,2,1,Going straight,Pedestrian,Male,Under 18,2,Unknown or other,Changing lane to the right,Slight Injury
19:16:00,Tuesday,31-50,Male,Elementary school,Employee,1-2yr,Owner,Other,Double carriageway (median),Gentle horizontal curve,No junction,Asphalt roads,Dry,Daylight,Normal,Rollover,2,1,Overtaking,na,na,na,na,Not a Pedestrian,Changing lane to the right,Slight Injury
9:55:00,Monday,Over 51,Male,Junior high school,Employee,Unknown,Owner,Other,Two-way (divided with broken lines road marking),Tangent road with flat terrain,No junction,Asphalt roads,Dry,Daylight,Normal,Vehicle with vehicle collision,2,2,Going straight,Driver or rider,Male,31-50,3,Not a Pedestrian,Overtaking,Slight Injury
9:55:00,Monday,Over 51,Male,Elementary school,Employee,Above 10yr,Owner, Church areas,Unknown,Tangent road with mountainous terrain and,No junction,Asphalt roads with some distress,Dry,Daylight,Normal,Vehicle with vehicle collision,2,2,Reversing,na,na,na,na,Not a Pedestrian,Other,Slight Injury
19:00:00,Thursday,18-30,Male,Junior high school,Owner,1-2yr,Owner,School areas,Undivided Two way,Tangent road with flat terrain,No junction,Asphalt roads,Dry,Daylight,Normal,Collision with roadside objects,1,1,Going straight,Driver or rider,Female,31-50,3,Not a Pedestrian,Driving to the left,Slight Injury
10:31:00,Sunday,31-50,Male,Unknown,Unknown,Unknown,Owner, Church areas,Two-way (divided with broken lines road marking),Tangent road with flat terrain,Other,Asphalt roads,Dry,Daylight,Normal,Vehicle with vehicle collision,2,1,Going straight,Driver or rider,Male,18-30,3,Not a Pedestrian,Overtaking,Slight Injury
10:31:00,Sunday,31-50,Male,Junior high school,Employee,Above 10yr,Owner,Office areas,Undivided Two way,Tangent road with flat terrain,Other,Asphalt roads,Dry,Daylight,Normal,Vehicle with vehicle collision,2,1,Unknown,na,na,na,na,Not a Pedestrian,No priority to vehicle,Slight Injury
12:37:00,Sunday,31-50,Unknown,Elementary school,Owner,2-5yr,Owner,Other,other,Tangent road with flat terrain,Unknown,Asphalt roads,Dry,Daylight,Normal,Vehicle with vehicle collision,2,3,Going straight,Driver or rider,Male,Under 18,3,Not a Pedestrian,Moving Backward,Serious Injury
12:37:00,Sunday,31-50,Male,Junior high school,Employee,5-10yr,Owner, Church areas,Two-way (divided with broken lines road marking),Steep grade upward with mountainous terrain,Unknown,Gravel roads,Dry,Daylight,Normal,Collision with roadside objects,2,3,Moving Backward,Driver or rider,Male,Over 51,2,Not a Pedestrian,Other,Serious Injury
12:37:00,Sunday,Over 51,Male,Junior high school,Employee,Below 1yr,Governmental,Other,Double carriageway (median),Tangent road with flat terrain,Unknown,Asphalt roads,Dry,Daylight,Normal,Collision with roadside objects,2,3,Going straight,na,na,na,na,Not a Pedestrian,No priority to vehicle,Serious Injury
14:51:00,Sunday,18-30,Male,Junior high school,Employee,5-10yr,Governmental,Other,Double carriageway (median),Tangent road with flat terrain,Y Shape,Asphalt roads,Dry,Daylight,Normal,Vehicle with vehicle collision,2,2,Moving Backward,na,na,na,na,Not a Pedestrian,No priority to pedestrian,Slight Injury
14:51:00,Sunday,31-50,Male,High school,Employee,Above 10yr,Organization,Office areas,Two-way (divided with broken lines road marking),Gentle horizontal curve,Y Shape,Asphalt roads,Dry,Daylight,Normal,Vehicle with vehicle collision,2,2,Going straight,Driver or rider,Male,Over 51,3,Not a Pedestrian,Changing lane to the right,Slight Injury
14:51:00,Sunday,31-50,Male,Junior high school,Employee,5-10yr,Organization,Other,Two-way (divided with broken lines road marking),Tangent road with flat terrain,Y Shape,Asphalt roads,Dry,Daylight,Normal,Collision with roadside objects,2,2,Going straight,Pedestrian,Male,Under 18,3,Crossing from nearside - masked by parked or statioNot a Pedestrianry vehicle,Changing lane to the right,Slight Injury
7:50:00,Friday,18-30,Male,Elementary school,Employee,1-2yr,Owner,Other,Two-way (divided with broken lines road marking),Tangent road with flat terrain,Y Shape,Asphalt roads,Dry,Daylight,Normal,Collision with roadside objects,2,1,Unknown,na,na,na,na,Not a Pedestrian,Changing lane to the right,Slight Injury
7:50:00,Friday,18-30,Male,Junior high school,Employee,Unknown,Governmental,Residential areas,Two-way (divided with broken lines road marking),Tangent road with flat terrain,Y Shape,Asphalt roads,Dry,Daylight,Normal,Vehicle with vehicle collision,2,1,Going straight,na,na,na,na,Not a Pedestrian,Driving to the left,Slight Injury
20:39:00,Saturday,18-30,Male,Elementary school,Employee,1-2yr,Owner,Office areas,Two-way (divided with broken lines road marking),Tangent road with flat terrain,Y Shape,Asphalt roads,Dry,Darkness - lights lit,Normal,Vehicle with vehicle collision,3,2,Going straight,Driver or rider,Male,31-50,2,Not a Pedestrian,Changing lane to the left,Slight Injury
20:39:00,Saturday,31-50,Male,Junior high school,Owner,1-2yr,Owner, Church areas,One way,Tangent road with flat terrain,Y Shape,Asphalt roads,Dry,Darkness - lights lit,Normal,Vehicle with vehicle collision,3,2,Going straight,Pedestrian,Female,Under 18,3,"In carriageway, statioNot a Pedestrianry - not crossing  (standing or playing)",Moving Backward,Slight Injury
20:39:00,Saturday,31-50,Male,Above high school,Owner,1-2yr,Owner,Unknown,Undivided Two way,Tangent road with flat terrain,Y Shape,Asphalt roads,Dry,Darkness - lights lit,Normal,Collision with roadside objects,3,2,Turnover,Pedestrian,Female,Under 18,2,"In carriageway, statioNot a Pedestrianry - not crossing  (standing or playing)",Driving at high speed,Slight Injury
20:39:00,Saturday,18-30,Male,Junior high school,Owner,5-10yr,Owner,  Market areas,other,Steep grade downward with mountainous terrain,Y Shape,Asphalt roads,Dry,Darkness - lights lit,Normal,Vehicle with vehicle collision,3,2,Going straight,na,na,na,na,Not a Pedestrian,Moving Backward,Slight Injury
11:10:00,Tuesday,31-50,Male,Above high school,Employee,1-2yr,Owner,Residential areas,Unknown,Tangent road with flat terrain,Y Shape,Asphalt roads,Dry,Daylight,Normal,Collision with roadside-parked vehicles,2,1,Going straight,Driver or rider,Female,Over 51,3,Not a Pedestrian,No distancing,Slight Injury
11:10:00,Tuesday,18-30,Male,Junior high school,Employee,Above 10yr,Owner,Office areas,Undivided Two way,Tangent road with flat terrain,Y Shape,Asphalt roads,Dry,Daylight,Normal,Vehicle with vehicle collision,2,1,Going straight,Driver or rider,Male,18-30,3,Not a Pedestrian,Other,Slight Injury
17:19:00,Friday,18-30,Male,Junior high school,Employee,1-2yr,Owner,  Recreational areas,other,Tangent road with flat terrain,No junction,Asphalt roads,Dry,Daylight,Normal,Collision with roadside objects,2,1,Reversing,Passenger,Male,31-50,2,Not a Pedestrian,No priority to vehicle,Slight Injury
17:19:00,Friday,31-50,Male,Junior high school,Employee,5-10yr,Governmental,Office areas,other,Tangent road with mild grade and flat terrain,No junction,Earth roads,Dry,Daylight,Normal,Vehicle with vehicle collision,2,1,Getting off,na,na,na,na,Not a Pedestrian,Changing lane to the right,Slight Injury
16:56:00,Wednesday,18-30,Unknown,Junior high school,Employee,2-5yr,Owner, Industrial areas,other,Tangent road with flat terrain,Y Shape,Asphalt roads,Dry,Daylight,Normal,Vehicle with vehicle collision,2,1,Going straight,Pedestrian,Male,Under 18,2,Crossing from offside - masked by  parked or statioNot a Pedestrianry vehicle,Other,Serious Injury
16:56:00,Wednesday,18-30,Male,Unknown,Unknown,Unknown,Owner,Unknown,Unknown,Tangent road with flat terrain,Y Shape,Asphalt roads,Dry,Daylight,Normal,Vehicle with vehicle collision,2,1,Getting off,Driver or rider,Male,18-30,3,Not a Pedestrian,No distancing,Serious Injury
1:02:00,Sunday,18-30,Male,Junior high school,Employee,2-5yr,Owner,Residential areas,Undivided Two way,Tangent road with flat terrain,No junction,Asphalt roads,Dry,Darkness - lights lit,Normal,Vehicle with vehicle collision,1,1,Going straight,Driver or rider,Male,Under 18,3,Not a Pedestrian,Driving carelessly,Serious Injury
7:46:00,Saturday,18-30,Male,Junior high school,Employee,2-5yr,Governmental,Residential areas,other,Tangent road with flat terrain,Crossing,Asphalt roads,Dry,Daylight,Normal,Vehicle with vehicle collision,2,1,Going straight,Passenger,Female,18-30,3,Not a Pedestrian,No distancing,Slight Injury
7:46:00,Saturday,18-30,Male,Junior high school,Employee,Above 10yr,Owner, Industrial areas,other,Tangent road with flat terrain,Crossing,Earth roads,Dry,Daylight,Normal,Collision with roadside-parked vehicles,2,1,Going straight,Driver or rider,Male,18-30,3,Not a Pedestrian,Moving Backward,Slight Injury
8:00:00,Wednesday,Over 51,Male,Junior high school,Employee,1-2yr,Owner,Residential areas,Undivided Two way,Tangent road with flat terrain,No junction,Asphalt roads,Wet or damp,Daylight,Normal,Collision with roadside-parked vehicles,3,1,Going straight,na,na,na,na,Not a Pedestrian,No distancing,Slight Injury
8:00:00,Wednesday,31-50,Male,Above high school,Owner,1-2yr,Owner,Residential areas,other,Tangent road with flat terrain,No junction,Asphalt roads,Wet or damp,Daylight,Normal,Collision with animals,3,1,Going straight,Driver or rider,Male,18-30,3,Not a Pedestrian,Moving Backward,Slight Injury
8:00:00,Wednesday,18-30,Male,Above high school,Employee,No Licence,Owner,Office areas,Undivided Two way,Tangent road with flat terrain,No junction,Earth roads,Wet or damp,Daylight,Normal,Collision with animals,3,1,Going straight,Driver or rider,Male,31-50,3,Not a Pedestrian,No priority to pedestrian,Slight Injury
18:46:00,Saturday,Unknown,Female,Junior high school,Employee,1-2yr,Owner,Office areas,Double carriageway (median),Escarpments,Y Shape,Asphalt roads,Dry,Daylight,Normal,Collision with animals,1,1,Going straight,na,na,na,na,Not a Pedestrian,Changing lane to the left,Slight Injury
18:42:00,Thursday,18-30,Male,Junior high school,Employee,5-10yr,Owner,Office areas,other,Tangent road with flat terrain,Y Shape,Asphalt roads,Dry,Daylight,Normal,Collision with animals,1,1,Going straight,Driver or rider,Female,18-30,3,Not a Pedestrian,No distancing,Slight Injury
8:45:00,Sunday,31-50,Male,Junior high school,Employee,Above 10yr,Owner,Office areas,Undivided Two way,Escarpments,Crossing,Asphalt roads,Dry,Daylight,Normal,Collision with animals,2,1,Going straight,Passenger,Male,Under 18,3,Not a Pedestrian,Other,Serious Injury
8:45:00,Sunday,31-50,Male,Junior high school,Employee,Above 10yr,Owner,Office areas,One way,Tangent road with flat terrain,Crossing,Asphalt roads,Dry,Daylight,Normal,Collision with animals,2,1,Moving Backward,Passenger,Male,Under 18,3,Not a Pedestrian,No distancing,Serious Injury
21:40:00,Thursday,Under 18,Male,Junior high school,Owner,5-10yr,Owner,Office areas,Undivided Two way,Tangent road with flat terrain,Crossing,Asphalt roads,Dry,Darkness - lights lit,Normal,Collision with animals,2,2,Going straight,na,na,na,na,Not a Pedestrian,No priority to pedestrian,Slight Injury
21:40:00,Thursday,Under 18,Male,Elementary school,Employee,2-5yr,Owner,Office areas,other,Tangent road with flat terrain,Crossing,Asphalt roads,Dry,Darkness - lights lit,Normal,Collision with animals,2,2,Going straight,na,na,na,na,Not a Pedestrian,Moving Backward,Slight Injury
18:50:00,Thursday,31-50,Male,Junior high school,Employee,2-5yr,Owner,Residential areas,other,Tangent road with flat terrain,Y Shape,Asphalt roads,Dry,Daylight,Unknown,Collision with animals,2,1,Going straight,Driver or rider,Male,18-30,2,Not a Pedestrian,No priority to pedestrian,Slight Injury
18:50:00,Thursday,Under 18,Male,Junior high school,Employee,Below 1yr,Owner,Residential areas,One way,Tangent road with flat terrain,Y Shape,Asphalt roads,Dry,Daylight,Unknown,Collision with animals,2,1,Going straight,Pedestrian,Female,Over 51,2,Not a Pedestrian,No distancing,Slight Injury
21:55:00,Saturday,18-30,Male,Junior high school,Employee,2-5yr,Owner,Other,One way,Tangent road with flat terrain,Crossing,Asphalt roads,Dry,Darkness - lights lit,Normal,Collision with animals,2,2,Going straight,Passenger,Female,18-30,3,Not a Pedestrian,No priority to pedestrian,Slight Injury
21:55:00,Saturday,18-30,Male,Junior high school,Employee,2-5yr,Owner, Church areas,Undivided Two way,Tangent road with flat terrain,Crossing,Asphalt roads,Dry,Darkness - lights lit,Normal,Collision with animals,2,2,Going straight,na,na,na,na,Not a Pedestrian,Moving Backward,Slight Injury
17:45:00,Friday,Over 51,Male,Elementary school,Employee,5-10yr,Owner,  Recreational areas,other,Tangent road with flat terrain,No junction,Asphalt roads,Wet or damp,Daylight,Raining,Other,2,1,Going straight,na,na,na,na,Not a Pedestrian,Overtaking,Slight Injury
17:45:00,Friday,31-50,Male,Junior high school,Employee,Above 10yr,Owner, Industrial areas,Undivided Two way,Tangent road with flat terrain,No junction,Asphalt roads,Wet or damp,Daylight,Raining,Rollover,2,1,Going straight,Driver or rider,Male,18-30,3,Not a Pedestrian,Changing lane to the left,Slight Injury
8:28:00,Sunday,18-30,Male,Unknown,Unknown,Unknown,Owner,Residential areas,other,Tangent road with flat terrain,Y Shape,Asphalt roads with some distress,Wet or damp,Daylight,Normal,Collision with animals,2,1,Going straight,Driver or rider,Male,18-30,3,Not a Pedestrian,Changing lane to the right,Slight Injury
8:28:00,Sunday,Over 51,Male,Junior high school,Employee,2-5yr,Owner,Residential areas,other,Tangent road with rolling terrain,Y Shape,Asphalt roads,Wet or damp,Daylight,Normal,Rollover,2,1,Going straight,Driver or rider,Female,18-30,3,Not a Pedestrian,Overtaking,Slight Injury
13:10:00,Monday,18-30,Male,Junior high school,Employee,5-10yr,Owner,Office areas,Double carriageway (median),Tangent road with flat terrain,No junction,Asphalt roads,Wet or damp,Daylight,Normal,Collision with animals,2,1,Going straight,na,na,na,na,Not a Pedestrian,Overloading,Slight Injury
13:10:00,Monday,31-50,Male,Above high school,Employee,2-5yr,Owner,  Market areas,Undivided Two way,Tangent road with flat terrain,No junction,Asphalt roads,Wet or damp,Daylight,Normal,Collision with animals,2,1,Going straight,Driver or rider,Male,31-50,3,Not a Pedestrian,Other,Slight Injury
13:55:00,Sunday,31-50,Male,Unknown,Unknown,Unknown,Owner,Unknown,other,Tangent road with flat terrain,Y Shape,Asphalt roads,Dry,Daylight,Normal,Vehicle with vehicle collision,2,4,Going straight,na,na,na,na,Not a Pedestrian,No priority to vehicle,Slight Injury
13:55:00,Sunday,31-50,Male,Unknown,Employee,1-2yr,Owner, Industrial areas,other,Tangent road with flat terrain,Y Shape,Asphalt roads,Dry,Daylight,Normal,Fall from vehicles,2,4,Going straight,na,na,na,na,Not a Pedestrian,Changing lane to the right,Slight Injury
13:55:00,Sunday,Under 18,Male,Junior high school,Employee,2-5yr,Owner,Residential areas,Two-way (divided with solid lines road marking),Tangent road with flat terrain,Y Shape,Asphalt roads,Dry,Daylight,Normal,Collision with roadside-parked vehicles,2,4,Going straight,Pedestrian,Male,31-50,3,"In carriageway, statioNot a Pedestrianry - not crossing  (standing or playing)",Moving Backward,Slight Injury
13:55:00,Sunday,Under 18,Male,Junior high school,Employee,Above 10yr,Governmental,Residential areas,Undivided Two way,Tangent road with flat terrain,Y Shape,Asphalt roads,Dry,Daylight,Normal,Collision with roadside-parked vehicles,2,4,Going straight,Passenger,Male,18-30,3,Not a Pedestrian,Changing lane to the left,Slight Injury
17:25:00,Saturday,18-30,Male,Junior high school,Employee,Below 1yr,Owner,Other,Undivided Two way,Tangent road with flat terrain,Unknown,Asphalt roads,Dry,Daylight,Normal,Rollover,1,1,Going straight,na,na,na,na,Not a Pedestrian,No priority to pedestrian,Slight Injury
16:40:00,Sunday,31-50,Male,Junior high school,Employee,2-5yr,Governmental,Residential areas,other,Tangent road with flat terrain,No junction,Asphalt roads,Dry,Daylight,Normal,Collision with animals,1,1,Reversing,na,na,na,na,Not a Pedestrian,No distancing,Slight Injury
8:50:00,Tuesday,31-50,Male,Junior high school,Employee,Below 1yr,Owner,Rural village areas,Undivided Two way,Gentle horizontal curve,Crossing,Asphalt roads,Dry,Daylight,Normal,Collision with animals,1,1,Going straight,na,na,na,na,Not a Pedestrian,No priority to vehicle,Slight Injury
18:37:00,Wednesday,18-30,Male,High school,Employee,5-10yr,Owner,Rural village areas,Undivided Two way,Gentle horizontal curve,Y Shape,Asphalt roads,Dry,Daylight,Normal,Fall from vehicles,2,2,Going straight,Driver or rider,Female,18-30,3,Not a Pedestrian,No distancing,Slight Injury
18:37:00,Wednesday,31-50,Male,Above high school,Employee,1-2yr,Owner,Office areas,Double carriageway (median),Tangent road with flat terrain,Y Shape,Asphalt roads,Dry,Daylight,Normal,Collision with roadside-parked vehicles,2,2,Going straight,Driver or rider,Female,31-50,3,Not a Pedestrian,No distancing,Slight Injury
18:37:00,Wednesday,31-50,Male,Junior high school,Employee,Below 1yr,Owner,Residential areas,Undivided Two way,Gentle horizontal curve,Y Shape,Asphalt roads,Dry,Daylight,Normal,Collision with animals,2,2,Unknown,Driver or rider,Female,31-50,3,Not a Pedestrian,Moving Backward,Slight Injury
7:50:00,Friday,Over 51,Male,Unknown,Unknown,Unknown,Owner,Residential areas,other,Tangent road with flat terrain,Crossing,Asphalt roads,Dry,Daylight,Normal,Collision with animals,2,1,Going straight,Driver or rider,Male,31-50,3,Not a Pedestrian,Changing lane to the right,Serious Injury
7:50:00,Friday,31-50,Male,High school,Employee,Below 1yr,Owner, Outside rural areas,other,Tangent road with flat terrain,Crossing,Asphalt roads,Dry,Daylight,Normal,Collision with pedestrians,2,1,Going straight,na,na,na,na,Not a Pedestrian,No priority to pedestrian,Serious Injury
17:40:00,Thursday,18-30,Male,High school,Employee,Below 1yr,Owner,Residential areas,other,Tangent road with flat terrain,No junction,Asphalt roads,Dry,Daylight,Normal,Vehicle with vehicle collision,1,1,Going straight,Driver or rider,Female,31-50,3,Not a Pedestrian,Moving Backward,Serious Injury
16:00:00,Tuesday,31-50,Male,Unknown,Unknown,Unknown,Owner, Church areas,other,Tangent road with flat terrain,Crossing,Asphalt roads,Wet or damp,Daylight,Normal,Vehicle with vehicle collision,2,1,Going straight,na,na,na,na,Not a Pedestrian,Getting off the vehicle improperly,Slight Injury
16:00:00,Tuesday,31-50,Male,High school,Employee,2-5yr,Owner,Office areas,Undivided Two way,Tangent road with flat terrain,Crossing,Asphalt roads,Wet or damp,Daylight,Normal,Collision with pedestrians,2,1,Going straight,na,na,na,na,Not a Pedestrian,Overtaking,Slight Injury
0:11:00,Sunday,Unknown,Female,Junior high school,Employee,Above 10yr,Owner,Office areas,Two-way (divided with broken lines road marking),Tangent road with mountainous terrain and,Crossing,Asphalt roads,Dry,Darkness - lights lit,Normal,Vehicle with vehicle collision,2,1,Going straight,Driver or rider,Female,Under 18,3,Not a Pedestrian,Overloading,Slight Injury
0:11:00,Sunday,Under 18,Male,Junior high school,Employee,Above 10yr,Governmental,Office areas,Two-way (divided with broken lines road marking),Escarpments,Crossing,Gravel roads,Dry,Darkness - lights lit,Normal,Collision with roadside objects,2,1,Unknown,Driver or rider,Male,Under 18,3,Not a Pedestrian,Changing lane to the right,Slight Injury
17:10:00,Thursday,18-30,Male,Junior high school,Employee,5-10yr,Owner,Other,Undivided Two way,Tangent road with mountainous terrain and,No junction,Asphalt roads,Dry,Daylight,Normal,Vehicle with vehicle collision,2,1,Moving Backward,na,na,na,na,Not a Pedestrian,Improper parking,Fatal injury
17:10:00,Thursday,18-30,Male,Junior high school,Employee,1-2yr,Owner,Other,Undivided Two way,Tangent road with flat terrain,No junction,Asphalt roads,Dry,Daylight,Normal,Vehicle with vehicle collision,2,1,Going straight,Driver or rider,Female,Over 51,2,Not a Pedestrian,Other,Fatal injury