Time,Day_of_week,Age_band_of_driver,Sex_of_driver,Educational_level,Vehicle_driver_relation,Driving_experience,Owner_of_vehicle,Area_accident_occured,Lanes_or_Medians,Road_allignment,Types_of_Junction,Road_surface_type,Road_surface_conditions,Light_conditions,Weather_conditions,Type_of_collision,Number_of_vehicles_involved,Number_of_casualties,Vehicle_movement,Casualty_class,Sex_of_casualty,Age_band_of_casualty,Casualty_severity,Pedestrian_movement,Cause_of_accident,Accident_severity
1:30:00,Wednesday,18-30,Male,Junior high school,Employee,5-10yr,Owner,Office areas,Two-way (divided with broken lines road marking),Tangent road with flat terrain,Crossing,Asphalt roads,Wet or damp,Darkness - lights lit,Other,Vehicle with vehicle collision,2,1,Getting off,na,na,na,na,Not a Pedestrian,Driving under the influence of drugs,Slight Injury
13:45:00,Sunday,18-30,Male,Junior high school,Employee,5-10yr,Owner,Other,Two-way (divided with broken lines road marking),Tangent road with flat terrain,Crossing,Asphalt roads,Dry,Daylight,Normal,Vehicle with vehicle collision,3,1,Going straight,Driver or rider,Female,18-30,3,Not a Pedestrian,No distancing,Slight Injury
13:45:00,Sunday,31-50,Male,Junior high school,Employee,Unknown,Owner,Other,Two-way (divided with broken lines road marking),Tangent road with flat terrain,Crossing,Asphalt roads,Dry,Daylight,Normal,Vehicle with vehicle collision,3,1,Going straight,na,na,na,na,Not a Pedestrian,Changing lane to the left,Slight Injury
13:45:00,Sunday,31-50,Male,Junior high school,Owner,5-10yr,Owner,Unknown,Unknown,Tangent road with flat terrain,Crossing,Asphalt roads,Dry,Daylight,Normal,Collision with roadside objects,3,1,Turnover,Driver or rider,Male,31-50,3,Not a Pedestrian,No priority to vehicle,Slight Injury
16:20:00,Sunday,31-50,Male,Junior high school,Employee,2-5yr,Governmental,Residential areas,Two-way (divided with broken lines road marking),Tangent road with flat terrain,No junction,Asphalt roads,Dry,Daylight,Normal,Vehicle with vehicle collision,1,1,Moving Backward,na,na,na,na,Not a Pedestrian,Moving Backward,Slight Injury
11:30:00,Wednesday,Over 51,Male,Junior high school,Employee,Below 1yr,Owner, Church areas,Undivided Two way,Tangent road with flat terrain,Crossing,Asphalt roads,Dry,Daylight,Normal,Vehicle with vehicle collision,2,1,Going straight,na,na,na,na,Not a Pedestrian,Moving Backward,Slight Injury
11:30:00,Wednesday,Unknown,Male,Junior high school,Employee,1-2yr,Owner,Other,Undivided Two way,Tangent road with flat terrain,Crossing,Asphalt roads,Dry,Daylight,Normal,Collision with roadside objects,2,1,Moving Backward,Driver or rider,Male,Over 51,2,Not a Pedestrian,No distancing,Slight Injury
16:00:00,Thursday,Under 18,Male,Junior high school,Employee,Below 1yr,Owner,Other,One way,Tangent road with flat terrain,Crossing,Asphalt roads,Dry,Daylight,Normal,Collision with roadside objects,2,1,Going straight,Passenger,Female,Over 51,3,Not a Pedestrian,Changing lane to the right,Slight Injury
16:00:00,Thursday,31-50,Male,Junior high school,Employee,Above 10yr,Owner,Residential areas,Two-way (divided with broken lines road marking),Tangent road with flat terrain,Crossing,Asphalt roads,Dry,Daylight,Normal,Vehicle with vehicle collision,2,1,Unknown,na,na,na,na,Not a Pedestrian,Changing lane to the right,Slight Injury
12:48:00,Tuesday,31-50,Male,Junior high school,Employee,Below 1yr,Owner,Office areas,One way,Tangent road with flat terrain,Crossing,Earth roads,Dry,Daylight,Normal,Vehicle with vehicle collision,2,1,Going straight,Driver or rider,Male,18-30,3,Not a Pedestrian,Moving Backward,Slight Injury
12:48:00,Tuesday,Unknown,Male,Junior high school,Employee,2-5yr,Owner, Industrial areas,Two-way (divided with broken lines road marking),Tangent road with flat terrain,Crossing,Asphalt roads,Dry,Daylight,Normal,Vehicle with vehicle collision,2,1,Unknown,Passenger,Female,18-30,3,Not a Pedestrian,Driving carelessly,Slight Injury
5:10:00,Monday,31-50,Male,Junior high school,Employee,1-2yr,Governmental,Residential areas,Double carriageway (median),Tangent road with flat terrain,Crossing,Asphalt roads,Dry,Darkness - lights lit,Normal,Vehicle with vehicle collision,1,1,Going straight,na,na,na,na,Not a Pedestrian,Driving under the influence of drugs,Slight Injury
10:35:00,Wednesday,Unknown,Female,Elementary school,Employee,5-10yr,Owner,Office areas,Unknown,Tangent road with flat terrain,Y Shape,Asphalt roads,Dry,Daylight,Normal,Collision with roadside objects,1,1,Unknown,Driver or rider,Female,18-30,3,Not a Pedestrian,No distancing,Slight Injury
10:35:00,Tuesday,Unknown,Male,Junior high school,Owner,Below 1yr,Owner,Other,Unknown,Tangent road with flat terrain,Crossing,Asphalt roads,Dry,Daylight,Normal,Vehicle with vehicle collision,2,2,Going straight,Driver or rider,Male,Over 51,3,Not a Pedestrian,No distancing,Slight Injury
10:35:00,Tuesday,18-30,Male,Junior high school,Employee,Below 1yr,Owner, Church areas,other,Tangent road with flat terrain,Crossing,Earth roads,Dry,Daylight,Normal,Vehicle with vehicle collision,2,2,Going straight,Pedestrian,Male,Under 18,2,Crossing from nearside - masked by parked or statioNot a Pedestrianry vehicle,No priority to vehicle,Slight Injury
8:45:00,Friday,Over 51,Male,Writing & reading,Employee,Below 1yr,Owner, Industrial areas,Unknown,Tangent road with flat terrain,Y Shape,Asphalt roads,Dry,Daylight,Normal,Vehicle with vehicle collision,2,1,Going straight,na,na,na,na,Not a Pedestrian,Driving to the left,Slight Injury
8:45:00,Friday,31-50,Male,Junior high school,Employee,1-2yr,Owner,  Recreational areas,One way,Tangent road with flat terrain,Y Shape,Asphalt roads,Dry,Daylight,Normal,Vehicle with vehicle collision,2,1,Going straight,Driver or rider,Male,31-50,3,Not a Pedestrian,No priority to vehicle,Slight Injury
20:14:00,Monday,18-30,Male,Elementary school,Owner,5-10yr,Owner,  Market areas,Undivided Two way,Tangent road with flat terrain,Crossing,Asphalt roads,Dry,Darkness - lights lit,Normal,Vehicle with vehicle collision,2,2,Going straight,Passenger,Female,31-50,3,Not a Pedestrian,No priority to vehicle,Slight Injury
20:14:00,Monday,18-30,Male,Junior high school,Employee,2-5yr,Owner,Other,Two-way (divided with broken lines road marking),Tangent road with flat terrain,Crossing,Asphalt roads,Dry,Darkness - lights lit,Normal,Vehicle with vehicle collision,2,2,Other,na,na,na,na,Not a Pedestrian,No priority to vehicle,Slight Injury
20:14:00,Monday,Unknown,Male,Junior high school,Owner,Below 1yr,Owner,Other,Two-way (divided with broken lines road marking),Tangent road with flat terrain,Crossing,Asphalt roads,Dry,Darkness - lights lit,Normal,Collision with roadside objects,2,2,Other,Driver or rider,Male,18-30,3,Not a Pedestrian,No distancing,Slight Injury
12:38:00,Friday,18-30,Male,Writing & reading,Employee,5-10yr,Owner, Industrial areas,Two-way (divided with broken lines road marking),Tangent road with flat terrain,No junction,Asphalt roads,Dry,Daylight,Normal,Vehicle with vehicle collision,1,1,Going straight,na,na,na,na,Not a Pedestrian,Moving Backward,Slight Injury
10:05:00,Thursday,31-50,Male,Writing & reading,Employee,5-10yr,Governmental,Other,Two-way (divided with broken lines road marking),Tangent road with flat terrain,Y Shape,Asphalt roads,Dry,Daylight,Normal,Collision with pedestrians,2,1,Going straight,Driver or rider,Male,18-30,3,Not a Pedestrian,Changing lane to the right,Slight Injury
10:05:00,Thursday,31-50,Male,Junior high school,Employee,5-10yr,Governmental,Office areas,other,Tangent road with flat terrain,Y Shape,Asphalt roads,Dry,Daylight,Normal,Collision with roadside objects,2,1,Getting off,Pedestrian,Female,18-30,3,Not a Pedestrian,Driving carelessly,Slight Injury
0:02:00,Monday,31-50,Male,Junior high school,Employee,2-5yr,Owner,Unknown,other,Tangent road with flat terrain,Y Shape,Other,Dry,Darkness - lights lit,Normal,Collision with roadside objects,2,1,Going straight,na,na,na,na,Not a Pedestrian,Changing lane to the left,Slight Injury
0:02:00,Monday,Unknown,Male,Junior high school,Employee,Above 10yr,Owner,Office areas,Two-way (divided with broken lines road marking),Tangent road with flat terrain,Y Shape,Asphalt roads,Dry,Darkness - lights lit,Normal,Vehicle with vehicle collision,2,1,Going straight,Passenger,Male,31-50,3,Not a Pedestrian,No distancing,Slight Injury
17:25:00,Monday,Under 18,Male,Junior high school,Employee,5-10yr,Owner,Office areas,Undivided Two way,Tangent road with flat terrain,Y Shape,Asphalt roads,Dry,Darkness - lights lit,Normal,Rollover,2,1,Going straight,Passenger,Female,Over 51,3,Not a Pedestrian,Changing lane to the right,Slight Injury
17:25:00,Monday,18-30,Male,Junior high school,Employee,Above 10yr,Organization,Other,other,Tangent road with flat terrain,Y Shape,Asphalt roads,Dry,Darkness - lights lit,Normal,Vehicle with vehicle collision,2,1,Going straight,Driver or rider,Male,18-30,3,Not a Pedestrian,Driving under the influence of drugs,Slight Injury
23:20:00,Saturday,31-50,Male,Junior high school,Employee,2-5yr,Governmental,Other,other,Tangent road with flat terrain,Y Shape,Asphalt roads,Dry,Darkness - lights lit,Normal,Vehicle with vehicle collision,1,1,Going straight,Driver or rider,Female,18-30,3,Not a Pedestrian,No distancing,Serious Injury
16:00:00,Friday,Over 51,Male,Junior high school,Employee,Below 1yr,Owner,Other,Undivided Two way,Tangent road with flat terrain,Y Shape,Asphalt roads,Dry,Daylight,Normal,Vehicle with vehicle collision,1,1,Getting off,Passenger,Male,Under 18,3,Not a Pedestrian,Overturning,Slight Injury
7:30:00,Sunday,Unknown,Female,Junior high school,Employee,Below 1yr,Owner,Other,other,Tangent road with flat terrain,Y Shape,Asphalt roads,Dry,Daylight,Normal,Vehicle with vehicle collision,1,1,Going straight,Pedestrian,Female,18-30,3,Not a Pedestrian,No distancing,Slight Injury
6:45:00,Friday,18-30,Male,Junior high school,Owner,5-10yr,Owner,Residential areas,Undivided Two way,Tangent road with flat terrain,Y Shape,Asphalt roads,Dry,Darkness - lights lit,Normal,Vehicle with vehicle collision,2,1,Going straight,na,na,na,na,Not a Pedestrian,Changing lane to the right,Slight Injury
6:45:00,Friday,31-50,Male,Junior high school,Employee,2-5yr,Owner, Church areas,Undivided Two way,Tangent road with flat terrain,Y Shape,Earth roads,Dry,Darkness - lights lit,Normal,Vehicle with vehicle collision,2,1,Other,Driver or rider,Male,31-50,2,Not a Pedestrian,No priority to vehicle,Slight Injury
17:18:00,Tuesday,18-30,Male,Elementary school,Employee,Below 1yr,Owner,Office areas,Double carriageway (median),Tangent road with flat terrain,No junction,Asphalt roads,Dry,Darkness - lights lit,Normal,Vehicle with vehicle collision,2,1,Going straight,Pedestrian,Male,Over 51,3,Unknown or other,Changing lane to the right,Slight Injury
17:18:00,Tuesday,18-30,Male,Junior high school,Employee,2-5yr,Owner, Church areas,other,Tangent road with flat terrain,No junction,Asphalt roads,Dry,Darkness - lights lit,Normal,Vehicle with vehicle collision,2,1,Going straight,Driver or rider,Female,18-30,3,Not a Pedestrian,Changing lane to the left,Slight Injury
11:20:00,Sunday,31-50,Male,Junior high school,Employee,5-10yr,Owner,Other,Two-way (divided with broken lines road marking),Tangent road with flat terrain,Y Shape,Asphalt roads,Dry,Daylight,Normal,Collision with roadside objects,1,1,Going straight,na,na,na,na,Not a Pedestrian,No distancing,Slight Injury
16:51:00,Thursday,18-30,Male,High school,Employee,Above 10yr,Owner,Unknown,other,Tangent road with flat terrain,Y Shape,Asphalt roads,Dry,Daylight,Normal,Vehicle with vehicle collision,2,1,Going straight,Driver or rider,Female,18-30,3,Not a Pedestrian,No priority to pedestrian,Slight Injury
16:51:00,Thursday,31-50,Male,High school,Employee,Above 10yr,Owner,School areas,other,Steep grade downward with mountainous terrain,Y Shape,Asphalt roads,Dry,Daylight,Normal,Vehicle with vehicle collision,2,1,Going straight,Driver or rider,Female,18-30,3,Not a Pedestrian,Driving carelessly,Slight Injury
14:47:00,Tuesday,18-30,Male,Junior high school,Employee,5-10yr,Owner,Office areas,Two-way (divided with broken lines road marking),Tangent road with mild grade and flat terrain,Y Shape,Asphalt roads,Dry,Daylight,Normal,Vehicle with vehicle collision,2,1,Reversing,Driver or rider,Male,31-50,3,Not a Pedestrian,No distancing,Slight Injury
14:47:00,Tuesday,Unknown,Female,Elementary school,Employee,1-2yr,Owner,Other,other,Steep grade downward with mountainous terrain,Y Shape,Asphalt roads,Dry,Daylight,Normal,Vehicle with vehicle collision,2,1,Other,Driver or rider,Female,31-50,3,Not a Pedestrian,Driving carelessly,Slight Injury
14:45:00,Thursday,Unknown,Male,Elementary school,Employee,5-10yr,Owner,Office areas,Undivided Two way,Tangent road with flat terrain,Y Shape,Asphalt roads,Dry,Daylight,Normal,Collision with pedestrians,2,1,Going straight,na,na,na,na,Not a Pedestrian,Driving carelessly,Slight Injury
14:45:00,Thursday,Unknown,Male,Junior high school,Employee,5-10yr,Owner,Other,Undivided Two way,Tangent road with flat terrain,Y Shape,Asphalt roads,Dry,Daylight,Normal,Vehicle with vehicle collision,2,1,Going straight,Driver or rider,Male,31-50,3,Not a Pedestrian,Moving Backward,Slight Injury
23:01:00,Wednesday,Unknown,Female,Junior high school,Employee,1-2yr,Owner,Other,Two-way (divided with broken lines road marking),Tangent road with flat terrain,Crossing,Asphalt roads,Dry,Darkness - lights lit,Normal,Vehicle with vehicle collision,2,1,Going straight,na,na,na,na,Not a Pedestrian,Overtaking,Slight Injury
23:01:00,Wednesday,18-30,Male,Junior high school,Owner,5-10yr,Owner,Office areas,Undivided Two way,Tangent road with flat terrain,Crossing,Asphalt roads,Dry,Darkness - lights lit,Normal,Vehicle with vehicle collision,2,1,Going straight,Driver or rider,Male,31-50,3,Not a Pedestrian,No priority to vehicle,Slight Injury
18:16:00,Wednesday,18-30,Male,High school,Owner,Above 10yr,Owner,Other,Double carriageway (median),Tangent road with flat terrain,Crossing,Asphalt roads,Dry,Darkness - lights lit,Normal,Vehicle with vehicle collision,2,1,Going straight,Passenger,Female,18-30,3,Not a Pedestrian,No priority to vehicle,Serious Injury
18:16:00,Wednesday,31-50,Male,Unknown,Owner,Below 1yr,Owner, Church areas,other,Tangent road with flat terrain,Crossing,Asphalt roads,Dry,Darkness - lights lit,Normal,Vehicle with vehicle collision,2,1,Going straight,Driver or rider,Male,18-30,3,Not a Pedestrian,Changing lane to the left,Serious Injury
7:25:00,Monday,31-50,Male,Writing & reading,Owner,5-10yr,Owner,Office areas,Two-way (divided with broken lines road marking),Tangent road with flat terrain,No junction,Asphalt roads,Dry,Daylight,Normal,Vehicle with vehicle collision,2,1,Going straight,Pedestrian,Male,Under 18,3,Unknown or other,No priority to vehicle,Slight Injury
7:25:00,Monday,31-50,Male,Above high school,Employee,Above 10yr,Owner,Office areas,Two-way (divided with broken lines road marking),Tangent road with flat terrain,No junction,Asphalt roads,Dry,Daylight,Normal,Collision with roadside objects,2,1,Going straight,Passenger,Female,18-30,3,Not a Pedestrian,No distancing,Slight Injury
16:55:00,Monday,31-50,Male,High school,Employee,Below 1yr,Owner,Other,Undivided Two way,Tangent road with mountainous terrain and,Y Shape,Earth roads,Wet or damp,Darkness - lights lit,Raining,Vehicle with vehicle collision,1,2,Going straight,na,na,na,na,Not a Pedestrian,Moving Backward,Serious Injury
16:55:00,Monday,31-50,Male,Junior high school,Employee,1-2yr,Owner,Residential areas,Undivided Two way,Tangent road with flat terrain,Y Shape,Asphalt roads,Wet or damp,Darkness - lights lit,Raining,Vehicle with vehicle collision,1,2,Moving Backward,na,na,na,na,Not a Pedestrian,Changing lane to the right,Serious Injury
19:39:00,Friday,31-50,Male,Junior high school,Employee,Above 10yr,Owner,Residential areas,Undivided Two way,Tangent road with flat terrain,Y Shape,Asphalt roads,Dry,Darkness - lights lit,Normal,Vehicle with vehicle collision,2,1,Moving Backward,Driver or rider,Male,Under 18,2,Not a Pedestrian,No distancing,Slight Injury
19:39:00,Friday,18-30,Male,Junior high school,Owner,Above 10yr,Owner,Unknown,Two-way (divided with broken lines road marking),Tangent road with flat terrain,Y Shape,Asphalt roads,Dry,Darkness - lights lit,Normal,Vehicle with vehicle collision,2,1,Turnover,na,na,na,na,Not a Pedestrian,Overtaking,Slight Injury
2:05:00,Sunday,Unknown,Female,Junior high school,Employee,Above 10yr,Owner,Other,other,Tangent road with flat terrain,Y Shape,Asphalt roads,Dry,Darkness - lights lit,Normal,Vehicle with vehicle collision,1,1,Other,Driver or rider,Male,31-50,3,Not a Pedestrian,No distancing,Slight Injury
11:45:00,Friday,18-30,Male,Junior high school,Employee,No Licence,Owner,Office areas,Unknown,Steep grade downward with mountainous terrain,Crossing,Asphalt roads,Dry,Daylight,Normal,Vehicle with vehicle collision,1,1,Other,Driver or rider,Female,18-30,3,Not a Pedestrian,Changing lane to the left,Slight Injury
17:53:00,Wednesday,Unknown,Female,Junior high school,Employee,1-2yr,Governmental,School areas,Double carriageway (median),Tangent road with flat terrain,Y Shape,Asphalt roads,Dry,Darkness - lights lit,Normal,Vehicle with vehicle collision,1,1,Going straight,na,na,na,na,Not a Pedestrian,Driving under the influence of drugs,Slight Injury
16:40:00,Monday,18-30,Male,Illiterate,Owner,1-2yr,Owner,Other,Two-way (divided with broken lines road marking),Steep grade downward with mountainous terrain,No junction,Asphalt roads,Dry,Darkness - lights lit,Normal,Vehicle with vehicle collision,2,1,Going straight,Pedestrian,Male,18-30,3,Unknown or other,No distancing,Slight Injury
16:40:00,Monday,31-50,Male,Junior high school,Owner,Below 1yr,Owner,Other,Two-way (divided with broken lines road marking),Tangent road with rolling terrain,No junction,Asphalt roads,Dry,Darkness - lights lit,Normal,Rollover,2,1,Other,Pedestrian,Male,Over 51,3,Unknown or other,No distancing,Slight Injury
12:10:00,Friday,18-30,Male,Junior high school,Owner,1-2yr,Governmental, Church areas,Two-way (divided with broken lines road marking),Tangent road with flat terrain,Y Shape,Asphalt roads,Dry,Daylight,Normal,Vehicle with vehicle collision,2,1,Other,Pedestrian,Female,Over 51,2,Unknown or other,Changing lane to the right,Slight Injury
12:10:00,Friday,Unknown,Female,Junior high school,Owner,2-5yr,Owner,Office areas,Unknown,Tangent road with mild grade and flat terrain,Y Shape,Asphalt roads,Dry,Daylight,Normal,Vehicle with vehicle collision,2,1,Going straight,Pedestrian,Female,Under 18,2,Not a Pedestrian,Changing lane to the left,Slight Injury
12:03:00,Thursday,Over 51,Male,Unknown,Owner,5-10yr,Owner,Other,Two-way (divided with broken lines road marking),Tangent road with mild grade and flat terrain,Crossing,Asphalt roads,Wet or damp,Daylight,Normal,Vehicle with vehicle collision,1,1,Reversing,Driver or rider,Male,18-30,3,Not a Pedestrian,Moving Backward,Serious Injury
23:25:00,Thursday,31-50,Male,Unknown,Owner,Above 10yr,Governmental,Residential areas,Double carriageway (median),Tangent road with flat terrain,Unknown,Gravel roads,Dry,Darkness - lights lit,Normal,Collision with roadside objects,1,1,Other,Passenger,Male,18-30,3,Not a Pedestrian,No distancing,Slight Injury
8:38:00,Thursday,18-30,Male,Junior high school,Owner,2-5yr,Owner,Office areas,Two-way (divided with broken lines road marking),Tangent road with flat terrain,Y Shape,Asphalt roads,Dry,Daylight,Normal,Vehicle with vehicle collision,2,1,Turnover,Passenger,Female,Under 18,3,Not a Pedestrian,No distancing,Slight Injury
8:38:00,Thursday,31-50,Male,Elementary school,Owner,Above 10yr,Owner,Office areas,Undivided Two way,Tangent road with flat terrain,Y Shape,Asphalt roads,Dry,Daylight,Normal,Vehicle with vehicle collision,2,1,Going straight,Driver or rider,Female,31-50,3,Not a Pedestrian,Driving carelessly,Slight Injury
8:57:00,Tuesday,18-30,Male,Writing & reading,Owner,5-10yr,Owner,Office areas,Two-way (divided with broken lines road marking),Tangent road with flat terrain,No junction,Asphalt roads,Dry,Daylight,Normal,Vehicle with vehicle collision,2,1,Going straight,na,na,na,na,Not a Pedestrian,Moving Backward,Slight Injury
8:57:00,Tuesday,18-30,Male,Unknown,Owner,Unknown,Organization, Church areas,Unknown,Tangent road with flat terrain,No junction,Asphalt roads,Dry,Daylight,Normal,Collision with roadside objects,2,1,Going straight,Driver or rider,Male,31-50,2,Not a Pedestrian,No distancing,Slight Injury
13:18:00,Thursday,18-30,Male,Junior high school,Owner,5-10yr,Owner,Office areas,Two-way (divided with broken lines road marking),Tangent road with flat terrain,Y Shape,Asphalt roads,Dry,Daylight,Normal,Vehicle with vehicle collision,2,1,Going straight,Driver or rider,Male,18-30,3,Not a Pedestrian,Changing lane to the right,Slight Injury
13:18:00,Thursday,18-30,Male,Junior high school,Owner,Below 1yr,Owner,Office areas,Two-way (divided with broken lines road marking),Tangent road with mild grade and flat terrain,Y Shape,Asphalt roads,Dry,Daylight,Normal,Vehicle with vehicle collision,2,1,Going straight,na,na,na,na,Not a Pedestrian,Driving carelessly,Slight Injury
8:30:00,Thursday,18-30,Male,Junior high school,Owner,2-5yr,Owner,Office areas,Two-way (divided with broken lines road marking),Tangent road with mild grade and flat terrain,Y Shape,Asphalt roads,Dry,Daylight,Normal,Vehicle with vehicle collision,2,1,Going straight,Pedestrian,Male,Under 18,2,Unknown or other,Driving to the left,Slight Injury
8:30:00,Thursday,31-50,Male,Elementary school,Employee,2-5yr,Owner,Office areas,Two-way (divided with broken lines road marking),Tangent road with flat terrain,Y Shape,Asphalt roads,Dry,Daylight,Normal,Vehicle with vehicle collision,2,1,Going straight,na,na,na,na,Not a Pedestrian,Changing lane to the right,Slight Injury
18:46:00,Friday,31-50,Male,Junior high school,Employee,2-5yr,Owner,Other,Two-way (divided with broken lines road marking),Tangent road with flat terrain,Y Shape,Asphalt roads,Dry,Darkness - lights lit,Normal,Collision with roadside objects,2,1,Going straight,Driver or rider,Male,31-50,3,Not a Pedestrian,Driving carelessly,Slight Injury
18:46:00,Friday,31-50,Male,Junior high school,Employee,2-5yr,Owner,Residential areas,Double carriageway (median),Tangent road with flat terrain,Y Shape,Asphalt roads,Dry,Darkness - lights lit,Normal,Vehicle with vehicle collision,2,1,Going straight,Driver or rider,Female,Over 51,3,Not a Pedestrian,Changing lane to the right,Slight Injury
22:31:00,Wednesday,Unknown,Female,Junior high school,Employee,5-10yr,Owner, Church areas,Undivided Two way,Tangent road with flat terrain,Crossing,Asphalt roads,Dry,Darkness - lights lit,Normal,Vehicle with vehicle collision,2,1,Other,Driver or rider,Female,Over 51,3,Not a Pedestrian,No priority to vehicle,Slight Injury
22:31:00,Wednesday,31-50,Male,Junior high school,Employee,5-10yr,Owner,Other,Two-way (divided with broken lines road marking),Tangent road with flat terrain,Crossing,Asphalt roads,Dry,Darkness - lights lit,Normal,Vehicle with vehicle collision,2,1,Going straight,Pedestrian,Female,Under 18,3,Not a Pedestrian,Changing lane to the right,Slight Injury
10:25:00,Wednesday,31-50,Male,Junior high school,Employee,Above 10yr,Owner,  Recreational areas,Two-way (divided with broken lines road marking),Tangent road with flat terrain,Crossing,Asphalt roads,Dry,Daylight,Unknown,Vehicle with vehicle collision,2,1,Going straight,na,na,na,na,Not a Pedestrian,Turnover,Slight Injury
10:25:00,Wednesday,18-30,Male,Elementary school,Employee,5-10yr,Owner,Unknown,Unknown,Tangent road with flat terrain,Crossing,Asphalt roads,Dry,Daylight,Unknown,Vehicle with vehicle collision,2,1,Moving Backward,Driver or rider,Male,31-50,3,Not a Pedestrian,No priority to vehicle,Slight Injury
8:50:00,Tuesday,31-50,Male,Junior high school,Employee,5-10yr,Owner, Industrial areas,Undivided Two way,Tangent road with mild grade and flat terrain,Y Shape,Asphalt roads,Dry,Daylight,Normal,Collision with pedestrians,2,1,Going straight,Driver or rider,Female,31-50,3,Not a Pedestrian,Driving at high speed,Serious Injury
8:50:00,Tuesday,31-50,Male,Junior high school,Employee,Above 10yr,Owner,Other,Two-way (divided with broken lines road marking),Tangent road with flat terrain,Y Shape,Asphalt roads,Dry,Daylight,Normal,Vehicle with vehicle collision,2,1,Moving Backward,Passenger,Female,18-30,3,Not a Pedestrian,No distancing,Serious Injury
1:00:00,Friday,31-50,Male,Elementary school,Owner,Unknown,Owner,Other,other,Tangent road with flat terrain,Y Shape,Asphalt roads,Wet or damp,Darkness - lights lit,Normal,Vehicle with vehicle collision,2,1,Other,Passenger,Female,31-50,2,Not a Pedestrian,No distancing,Slight Injury
1:00:00,Friday,18-30,Male,Junior high school,Owner,5-10yr,Owner, Church areas,other,Tangent road with flat terrain,Y Shape,Other,Wet or damp,Darkness - lights lit,Normal,Collision with roadside objects,2,1,Going straight,na,na,na,na,Not a Pedestrian,Driving carelessly,Slight Injury
17:25:00,Wednesday,18-30,Male,Junior high school,Employee,5-10yr,Owner, Church areas,Undivided Two way,Tangent road with flat terrain,Y Shape,Asphalt roads,Dry,Darkness - lights lit,Normal,Vehicle with vehicle collision,2,1,Reversing,Passenger,Female,31-50,3,Not a Pedestrian,Driving carelessly,Slight Injury
17:25:00,Wednesday,18-30,Male,Junior high school,Employee,Below 1yr,Owner,Other,Two-way (divided with broken lines road marking),Tangent road with flat terrain,Y Shape,Asphalt roads,Dry,Darkness - lights lit,Normal,Vehicle with vehicle collision,2,1,Going straight,Driver or rider,Female,31-50,3,Not a Pedestrian,Moving Backward,Slight Injury
20:15:00,Saturday,Unknown,Female,Unknown,Unknown,Unknown,Owner,Other,One way,Tangent road with flat terrain,Y Shape,Asphalt roads,Dry,Darkness - lights lit,Normal,Collision with pedestrians,2,1,Other,Driver or rider,Male,18-30,3,Not a Pedestrian,No distancing,Slight Injury
20:15:00,Saturday,18-30,Male,Junior high school,Employee,5-10yr,Governmental,  Recreational areas,Two-way (divided with broken lines road marking),Tangent road with flat terrain,Y Shape,Asphalt roads,Dry,Darkness - lights lit,Normal,Vehicle with vehicle collision,2,1,Other,na,na,na,na,Not a Pedestrian,Changing lane to the right,Slight Injury
7:58:00,Wednesday,18-30,Male,Junior high school,Employee,5-10yr,Owner,Other,Undivided Two way,Tangent road with flat terrain,Y Shape,Asphalt roads,Dry,Daylight,Normal,Vehicle with vehicle collision,2,1,Other,na,na,na,na,Not a Pedestrian,Overtaking,Slight Injury
7:58:00,Wednesday,Over 51,Male,Junior high school,Employee,Above 10yr,Owner,Office areas,Undivided Two way,Tangent road with flat terrain,Y Shape,Asphalt roads,Dry,Daylight,Normal,Collision with pedestrians,2,1,Stopping,Driver or rider,Male,31-50,3,Not a Pedestrian,No distancing,Slight Injury
7:47:00,Wednesday,18-30,Male,High school,Employee,Above 10yr,Owner, Church areas,Two-way (divided with broken lines road marking),Tangent road with flat terrain,Crossing,Asphalt roads,Dry,Daylight,Unknown,Collision with pedestrians,2,1,Other,Passenger,Male,Over 51,3,Not a Pedestrian,Overtaking,Serious Injury
7:47:00,Wednesday,31-50,Male,Junior high school,Employee,Above 10yr,Owner,Office areas,Two-way (divided with broken lines road marking),Tangent road with flat terrain,Crossing,Other,Dry,Daylight,Unknown,Collision with pedestrians,2,1,Other,na,na,na,na,Not a Pedestrian,Moving Backward,Serious Injury
7:25:00,Tuesday,31-50,Male,Junior high school,Employee,Above 10yr,Owner,Office areas,Undivided Two way,Tangent road with mountainous terrain and,No junction,Asphalt roads,Dry,Daylight,Normal,Collision with roadside objects,3,1,Other,na,na,na,na,Not a Pedestrian,No distancing,Serious Injury
7:25:00,Tuesday,Over 51,Male,Junior high school,Employee,Above 10yr,Owner,Other,Undivided Two way,Tangent road with flat terrain,No junction,Asphalt roads,Dry,Daylight,Normal,Vehicle with vehicle collision,3,1,Going straight,Driver or rider,Female,18-30,3,Not a Pedestrian,No distancing,Serious Injury
7:25:00,Tuesday,18-30,Male,Junior high school,Employee,Above 10yr,Governmental,Residential areas,Two-way (divided with broken lines road marking),Tangent road with flat terrain,No junction,Asphalt roads,Dry,Daylight,Normal,Vehicle with vehicle collision,3,1,Going straight,na,na,na,na,Not a Pedestrian,No priority to vehicle,Serious Injury
17:55:00,Tuesday,18-30,Male,Junior high school,Employee,5-10yr,Owner,Office areas,Two-way (divided with broken lines road marking),Tangent road with mild grade and flat terrain,Crossing,Asphalt roads,Dry,Darkness - lights lit,Normal,Vehicle with vehicle collision,2,1,Going straight,Driver or rider,Male,31-50,3,Not a Pedestrian,No priority to vehicle,Slight Injury