Time,Day_of_week,Age_band_of_driver,Sex_of_driver,Educational_level,Vehicle_driver_relation,Driving_experience,Owner_of_vehicle,Area_accident_occured,Lanes_or_Medians,Road_allignment,Types_of_Junction,Road_surface_type,Road_surface_conditions,Light_conditions,Weather_conditions,Type_of_collision,Number_of_vehicles_involved,Number_of_casualties,Vehicle_movement,Casualty_class,Sex_of_casualty,Age_band_of_casualty,Casualty_severity,Pedestrian_movement,Cause_of_accident,Accident_severity
16:00:00,Sunday,Under 18,Male,Junior high school,Employee,Below 1yr,Owner,Other,Two-way (divided with broken lines road marking),Tangent road with flat terrain,Y Shape,Asphalt roads,Dry,Daylight,Unknown,Collision with roadside objects,2,2,Other,na,na,na,na,Not a Pedestrian,Driving carelessly,Slight Injury
16:00:00,Sunday,Under 18,Male,Junior high school,Employee,1-2yr,Owner,Residential areas,Double carriageway (median),Tangent road with flat terrain,Y Shape,Asphalt roads,Dry,Daylight,Unknown,Collision with roadside objects,2,2,Going straight,Driver or rider,Male,18-30,3,Not a Pedestrian,Driving under the influence of drugs,Slight Injury
16:00:00,Sunday,Unknown,Male,Elementary school,Employee,2-5yr,Owner, Church areas,Undivided Two way,Tangent road with flat terrain,Y Shape,Asphalt roads,Dry,Daylight,Unknown,Vehicle with vehicle collision,2,2,Going straight,na,na,na,na,Not a Pedestrian,Driving carelessly,Slight Injury
12:09:00,Thursday,18-30,Male,High school,Employee,1-2yr,Owner,Other,Two-way (divided with broken lines road marking),Tangent road with flat terrain,No junction,Asphalt roads,Dry,Daylight,Normal,Vehicle with vehicle collision,1,1,Going straight,na,na,na,na,Not a Pedestrian,Driving carelessly,Slight Injury
8:48:00,Friday,18-30,Male,Junior high school,Employee,5-10yr,Owner,  Recreational areas,Two-way (divided with broken lines road marking),Tangent road with flat terrain,Y Shape,Asphalt roads,Dry,Daylight,Normal,Vehicle with vehicle collision,2,1,Going straight,Pedestrian,Male,Over 51,2,Crossing from nearside - masked by parked or statioNot a Pedestrianry vehicle,Changing lane to the right,Slight Injury
8:48:00,Friday,Over 51,Male,Junior high school,Employee,Below 1yr,Owner,Unknown,Unknown,Tangent road with flat terrain,Y Shape,Asphalt roads,Dry,Daylight,Normal,Collision with roadside objects,2,1,Reversing,na,na,na,na,Not a Pedestrian,No distancing,Slight Injury
8:56:00,Saturday,Under 18,Male,High school,Employee,Above 10yr,Owner, Industrial areas,Undivided Two way,Tangent road with mild grade and flat terrain,Y Shape,Asphalt roads,Dry,Daylight,Normal,Vehicle with vehicle collision,2,3,Going straight,Driver or rider,Male,18-30,3,Not a Pedestrian,Driving carelessly,Slight Injury
8:56:00,Saturday,31-50,Male,Elementary school,Owner,5-10yr,Owner,Other,Two-way (divided with broken lines road marking),Tangent road with flat terrain,Y Shape,Asphalt roads,Dry,Daylight,Normal,Collision with roadside-parked vehicles,2,3,Going straight,Driver or rider,Male,18-30,3,Not a Pedestrian,No priority to pedestrian,Slight Injury
8:56:00,Saturday,31-50,Male,Elementary school,Employee,Below 1yr,Owner,Other,other,Tangent road with flat terrain,Y Shape,Asphalt roads,Dry,Daylight,Normal,Vehicle with vehicle collision,2,3,Other,Passenger,Male,18-30,3,Not a Pedestrian,No distancing,Slight Injury
19:17:00,Saturday,Under 18,Male,Junior high school,Employee,5-10yr,Owner, Church areas,other,Tangent road with flat terrain,No junction,Asphalt roads,Wet or damp,Darkness - lights lit,Normal,Collision with roadside objects,2,1,Going straight,na,na,na,na,Not a Pedestrian,Moving Backward,Slight Injury
19:17:00,Saturday,31-50,Male,Elementary school,Owner,5-10yr,Owner, Church areas,Undivided Two way,Tangent road with flat terrain,No junction,Asphalt roads,Wet or damp,Darkness - lights lit,Normal,Vehicle with vehicle collision,2,1,Going straight,na,na,na,na,Not a Pedestrian,Moving Backward,Slight Injury
16:05:00,Monday,Unknown,Male,Junior high school,Employee,2-5yr,Owner,Other,Two-way (divided with broken lines road marking),Tangent road with flat terrain,Y Shape,Asphalt roads,Dry,Daylight,Normal,Vehicle with vehicle collision,1,1,Going straight,Driver or rider,Male,18-30,3,Not a Pedestrian,No priority to vehicle,Serious Injury
21:30:00,Saturday,Unknown,Female,Junior high school,Employee,Above 10yr,Owner,Other,One way,Tangent road with flat terrain,No junction,Asphalt roads,Dry,Darkness - lights lit,Normal,Vehicle with vehicle collision,2,1,Turnover,Pedestrian,Female,18-30,3,Crossing from nearside - masked by parked or statioNot a Pedestrianry vehicle,No distancing,Slight Injury
21:30:00,Saturday,18-30,Male,Junior high school,Employee,5-10yr,Governmental,  Recreational areas,Two-way (divided with broken lines road marking),Tangent road with flat terrain,No junction,Asphalt roads,Dry,Darkness - lights lit,Normal,Vehicle with vehicle collision,2,1,Going straight,Pedestrian,Male,31-50,2,Not a Pedestrian,Moving Backward,Slight Injury
6:27:00,Monday,31-50,Male,High school,Employee,1-2yr,Owner,Other,Undivided Two way,Tangent road with flat terrain,Y Shape,Asphalt roads,Dry,Daylight,Normal,Vehicle with vehicle collision,1,1,Going straight,Driver or rider,Male,18-30,3,Not a Pedestrian,Changing lane to the right,Slight Injury
16:50:00,Tuesday,31-50,Male,Junior high school,Employee,Above 10yr,Owner,Office areas,Undivided Two way,Tangent road with flat terrain,No junction,Asphalt roads,Dry,Daylight,Normal,Collision with roadside-parked vehicles,3,2,Reversing,na,na,na,na,Not a Pedestrian,Moving Backward,Slight Injury
16:50:00,Tuesday,31-50,Male,Elementary school,Owner,2-5yr,Owner, Church areas,Two-way (divided with broken lines road marking),Tangent road with flat terrain,No junction,Asphalt roads,Dry,Daylight,Normal,Collision with roadside-parked vehicles,3,2,Other,na,na,na,na,Not a Pedestrian,Changing lane to the right,Slight Injury
16:50:00,Tuesday,31-50,Male,Junior high school,Employee,5-10yr,Owner,Office areas,Two-way (divided with broken lines road marking),Tangent road with flat terrain,No junction,Asphalt roads,Dry,Daylight,Normal,Collision with animals,3,2,Going straight,Driver or rider,Male,31-50,3,Not a Pedestrian,Driving carelessly,Slight Injury
16:50:00,Tuesday,31-50,Male,Junior high school,Employee,Below 1yr,Owner,Office areas,Undivided Two way,Tangent road with mountainous terrain and,No junction,Asphalt roads,Dry,Daylight,Normal,Collision with animals,3,2,Going straight,Pedestrian,Male,18-30,3,Unknown or other,Changing lane to the right,Slight Injury
18:45:00,Tuesday,Under 18,Male,Junior high school,Employee,5-10yr,Owner,Other,Undivided Two way,Tangent road with flat terrain,Crossing,Asphalt roads,Wet or damp,Daylight,Windy,Collision with animals,1,1,Moving Backward,Driver or rider,Male,31-50,3,Not a Pedestrian,No distancing,Slight Injury
22:15:00,Sunday,Unknown,Female,High school,Employee,Above 10yr,Governmental,Residential areas,Two-way (divided with broken lines road marking),Tangent road with flat terrain,Y Shape,Asphalt roads,Dry,Darkness - lights lit,Normal,Collision with animals,2,1,Reversing,na,na,na,na,Not a Pedestrian,Moving Backward,Slight Injury
22:15:00,Sunday,31-50,Male,Junior high school,Employee,5-10yr,Owner,Office areas,Two-way (divided with broken lines road marking),Tangent road with mild grade and flat terrain,Y Shape,Asphalt roads,Dry,Darkness - lights lit,Normal,Collision with animals,2,1,Going straight,Driver or rider,Male,5,3,Not a Pedestrian,Driving carelessly,Slight Injury
21:45:00,Monday,18-30,Male,Elementary school,Employee,1-2yr,Owner,Residential areas,other,Tangent road with flat terrain,No junction,Asphalt roads,Wet or damp,Darkness - lights lit,Other,Collision with animals,4,1,Going straight,Pedestrian,Female,31-50,3,Not a Pedestrian,No distancing,Slight Injury
21:45:00,Monday,Unknown,Female,Junior high school,Employee,Unknown,Owner,Residential areas,Two-way (divided with broken lines road marking),Tangent road with flat terrain,No junction,Asphalt roads,Wet or damp,Darkness - lights lit,Other,Collision with animals,4,1,Moving Backward,Driver or rider,Male,31-50,3,Not a Pedestrian,No priority to vehicle,Slight Injury
21:45:00,Monday,Unknown,Male,Above high school,Employee,1-2yr,Owner,Other,Double carriageway (median),Tangent road with flat terrain,No junction,Asphalt roads,Wet or damp,Darkness - lights lit,Other,Collision with animals,4,1,Going straight,na,na,na,na,Not a Pedestrian,Changing lane to the right,Slight Injury
21:45:00,Monday,Unknown,Male,Junior high school,Employee,Above 10yr,Owner, Hospital areas,One way,Tangent road with flat terrain,No junction,Asphalt roads,Wet or damp,Darkness - lights lit,Other,Collision with animals,4,1,Going straight,Driver or rider,Male,31-50,3,Not a Pedestrian,Moving Backward,Slight Injury
14:41:00,Sunday,18-30,Male,Junior high school,Employee,1-2yr,Governmental,Other,Undivided Two way,Tangent road with flat terrain,Y Shape,Asphalt roads,Dry,Daylight,Normal,Collision with animals,1,1,Going straight,na,na,na,na,Not a Pedestrian,Driving under the influence of drugs,Serious Injury
16:11:00,Sunday,31-50,Male,Junior high school,Employee,5-10yr,Owner,Other,Undivided Two way,Tangent road with flat terrain,Y Shape,Asphalt roads,Dry,Daylight,Normal,Collision with animals,1,1,Going straight,Driver or rider,Male,Under 18,3,Not a Pedestrian,Changing lane to the right,Serious Injury
22:14:00,Thursday,18-30,Male,Junior high school,Employee,2-5yr,Owner,  Recreational areas,One way,Tangent road with mild grade and flat terrain,No junction,Asphalt roads,Wet or damp,Darkness - lights lit,Raining,Collision with animals,3,3,Going straight,Driver or rider,Male,18-30,3,Not a Pedestrian,No priority to vehicle,Serious Injury
22:14:00,Thursday,18-30,Male,Unknown,Unknown,Unknown,Owner,Other,Undivided Two way,Tangent road with flat terrain,No junction,Asphalt roads,Wet or damp,Darkness - lights lit,Raining,Other,3,3,Going straight,Pedestrian,Female,31-50,3,Not a Pedestrian,Changing lane to the left,Serious Injury
22:14:00,Thursday,Under 18,Male,Junior high school,Employee,2-5yr,Owner,Other,Undivided Two way,Tangent road with flat terrain,No junction,Asphalt roads,Wet or damp,Darkness - lights lit,Raining,Rollover,3,3,Unknown,Driver or rider,Male,18-30,3,Not a Pedestrian,Driving carelessly,Serious Injury
22:14:00,Thursday,Over 51,Male,Junior high school,Employee,2-5yr,Owner,Other,Undivided Two way,Tangent road with flat terrain,No junction,Asphalt roads,Wet or damp,Darkness - lights lit,Raining,Collision with animals,3,3,Going straight,na,na,na,na,Not a Pedestrian,No priority to pedestrian,Serious Injury
15:00:00,Tuesday,31-50,Male,Junior high school,Employee,Above 10yr,Owner,Office areas,Two-way (divided with broken lines road marking),Tangent road with flat terrain,Y Shape,Asphalt roads,Dry,Daylight,Other,Rollover,2,1,Reversing,na,na,na,na,Not a Pedestrian,No priority to pedestrian,Slight Injury
15:00:00,Tuesday,18-30,Male,Junior high school,Employee,1-2yr,Owner,Other,Two-way (divided with broken lines road marking),Tangent road with mild grade and flat terrain,Y Shape,Asphalt roads,Dry,Daylight,Other,Collision with animals,2,1,Going straight,Driver or rider,Male,31-50,3,Not a Pedestrian,Changing lane to the right,Slight Injury
15:40:00,Thursday,18-30,Male,Above high school,Owner,1-2yr,Owner,Residential areas,Two-way (divided with broken lines road marking),Tangent road with flat terrain,No junction,Asphalt roads,Dry,Daylight,Unknown,Collision with animals,2,2,Going straight,na,na,na,na,Not a Pedestrian,Drunk driving,Slight Injury
15:40:00,Thursday,31-50,Male,Above high school,Employee,No Licence,Owner,Other,Undivided Two way,Tangent road with flat terrain,No junction,Asphalt roads,Dry,Daylight,Unknown,Vehicle with vehicle collision,2,2,Going straight,Driver or rider,Male,31-50,3,Not a Pedestrian,Changing lane to the left,Slight Injury
15:40:00,Thursday,31-50,Male,Junior high school,Employee,1-2yr,Owner,Other,Undivided Two way,Tangent road with flat terrain,No junction,Asphalt roads,Dry,Daylight,Unknown,Fall from vehicles,2,2,Going straight,Driver or rider,Female,31-50,3,Not a Pedestrian,Changing lane to the left,Slight Injury
11:22:00,Saturday,Under 18,Male,Junior high school,Employee,5-10yr,Owner, Church areas,Undivided Two way,Tangent road with flat terrain,No junction,Asphalt roads,Dry,Daylight,Normal,Collision with roadside-parked vehicles,2,1,Going straight,na,na,na,na,Not a Pedestrian,Driving to the left,Slight Injury
11:22:00,Saturday,31-50,Male,Junior high school,Employee,Above 10yr,Owner,Office areas,Undivided Two way,Tangent road with flat terrain,No junction,Asphalt roads,Dry,Daylight,Normal,Collision with roadside-parked vehicles,2,1,Going straight,Pedestrian,Male,Under 18,3,Unknown or other,Changing lane to the left,Slight Injury
12:00:00,Saturday,Unknown,Male,Junior high school,Employee,Above 10yr,Owner,School areas,other,Tangent road with flat terrain,O Shape,Asphalt roads,Dry,Daylight,Unknown,Rollover,2,1,Other,Driver or rider,Female,18-30,3,Not a Pedestrian,Driving under the influence of drugs,Slight Injury
12:00:00,Saturday,Over 51,Male,Junior high school,Owner,5-10yr,Owner,Other,Undivided Two way,Tangent road with flat terrain,O Shape,Asphalt roads,Dry,Daylight,Unknown,Collision with animals,2,1,Moving Backward,na,na,na,na,Not a Pedestrian,No priority to pedestrian,Slight Injury
13:35:00,Monday,18-30,Male,Elementary school,Employee,2-5yr,Owner,Office areas,Undivided Two way,Tangent road with flat terrain,Y Shape,Asphalt roads,Dry,Daylight,Normal,Collision with animals,2,1,Other,Passenger,Female,31-50,3,Not a Pedestrian,Changing lane to the left,Serious Injury
13:35:00,Monday,18-30,Male,Junior high school,Employee,2-5yr,Owner,Residential areas,other,Steep grade downward with mountainous terrain,Y Shape,Asphalt roads,Dry,Daylight,Normal,Fall from vehicles,2,1,Going straight,Driver or rider,Male,18-30,3,Not a Pedestrian,Moving Backward,Serious Injury
15:32:00,Wednesday,18-30,Male,Junior high school,Employee,Below 1yr,Owner, Industrial areas,One way,Tangent road with flat terrain,Y Shape,Asphalt roads,Dry,Daylight,Normal,Collision with roadside-parked vehicles,1,1,Going straight,na,na,na,na,Not a Pedestrian,No distancing,Slight Injury
15:55:00,Tuesday,31-50,Unknown,Junior high school,Employee,2-5yr,Owner,Other,Undivided Two way,Tangent road with flat terrain,No junction,Asphalt roads,Wet or damp,Daylight,Raining,Collision with animals,2,2,Going straight,na,na,na,na,Not a Pedestrian,Changing lane to the right,Slight Injury
15:55:00,Tuesday,18-30,Male,Junior high school,Employee,2-5yr,Owner,Residential areas,Undivided Two way,Tangent road with flat terrain,No junction,Asphalt roads,Wet or damp,Daylight,Raining,Collision with animals,2,2,Other,Driver or rider,Male,5,3,Not a Pedestrian,No priority to vehicle,Slight Injury
15:55:00,Tuesday,18-30,Male,Elementary school,Employee,5-10yr,Owner,  Recreational areas,Two-way (divided with broken lines road marking),Tangent road with flat terrain,No junction,Asphalt roads,Wet or damp,Daylight,Raining,Collision with pedestrians,2,2,Going straight,Pedestrian,Male,Over 51,3,Not a Pedestrian,Moving Backward,Slight Injury
8:35:00,Monday,Unknown,Male,Junior high school,Employee,Above 10yr,Owner,Office areas,other,Tangent road with flat terrain,Other,Asphalt roads,Dry,Daylight,Unknown,Vehicle with vehicle collision,2,1,Unknown,Driver or rider,Male,31-50,3,Not a Pedestrian,Overtaking,Slight Injury
8:35:00,Monday,18-30,Male,Unknown,Unknown,Unknown,Owner, Outside rural areas,Two-way (divided with broken lines road marking),Tangent road with flat terrain,Other,Asphalt roads,Dry,Daylight,Unknown,Vehicle with vehicle collision,2,1,Going straight,Pedestrian,Male,Under 18,3,Not a Pedestrian,Changing lane to the left,Slight Injury
19:50:00,Friday,Unknown,Male,Junior high school,Employee,2-5yr,Owner, Outside rural areas,Two-way (divided with broken lines road marking),Tangent road with flat terrain,Y Shape,Asphalt roads,Dry,Daylight,Normal,Collision with pedestrians,2,1,Going straight,na,na,na,na,Not a Pedestrian,Changing lane to the right,Slight Injury
19:50:00,Friday,Under 18,Male,Junior high school,Employee,5-10yr,Owner, Outside rural areas,Undivided Two way,Tangent road with flat terrain,Y Shape,Asphalt roads,Dry,Daylight,Normal,Vehicle with vehicle collision,2,1,Going straight,Driver or rider,Male,31-50,3,Not a Pedestrian,Overtaking,Slight Injury
7:15:00,Thursday,Over 51,Male,Above high school,Employee,2-5yr,Governmental, Outside rural areas,Undivided Two way,Tangent road with flat terrain,Unknown,Asphalt roads,Wet or damp,Daylight,Raining,Collision with roadside objects,1,1,Going straight,Passenger,Female,31-50,3,Not a Pedestrian,Overloading,Slight Injury
15:11:00,Friday,18-30,Male,Unknown,Unknown,Unknown,Owner, Outside rural areas,other,Steep grade downward with mountainous terrain,No junction,Asphalt roads,Dry,Daylight,Normal,Vehicle with vehicle collision,1,1,Moving Backward,Driver or rider,Male,31-50,3,Not a Pedestrian,Other,Serious Injury
17:45:00,Wednesday,Over 51,Male,Unknown,Employee,1-2yr,Owner,School areas,other,Steep grade downward with mountainous terrain,Y Shape,Asphalt roads,Dry,Daylight,Unknown,Vehicle with vehicle collision,2,1,Moving Backward,na,na,na,na,Not a Pedestrian,No priority to vehicle,Slight Injury
17:45:00,Wednesday,18-30,Male,Junior high school,Employee,2-5yr,Owner, Outside rural areas,Two-way (divided with broken lines road marking),Tangent road with flat terrain,Y Shape,Asphalt roads,Dry,Daylight,Unknown,Vehicle with vehicle collision,2,1,Going straight,na,na,na,na,Not a Pedestrian,Changing lane to the right,Slight Injury
14:30:00,Friday,31-50,Male,Junior high school,Employee,Above 10yr,Owner, Outside rural areas,Undivided Two way,Tangent road with flat terrain,Y Shape,Asphalt roads,Wet or damp,Daylight,Other,Rollover,2,1,Going straight,Driver or rider,Male,18-30,3,Not a Pedestrian,Moving Backward,Serious Injury
14:30:00,Friday,18-30,Male,Junior high school,Employee,Below 1yr,Owner, Outside rural areas,Two-way (divided with broken lines road marking),Escarpments,Y Shape,Asphalt roads,Wet or damp,Daylight,Other,Vehicle with vehicle collision,2,1,Turnover,Passenger,Female,18-30,3,Not a Pedestrian,Changing lane to the left,Serious Injury
20:40:00,Sunday,18-30,Male,Junior high school,Employee,2-5yr,Owner, Outside rural areas,Two-way (divided with broken lines road marking),Tangent road with mountainous terrain and,No junction,Asphalt roads,Dry,Daylight,Normal,Vehicle with vehicle collision,1,1,Going straight,Passenger,Female,Over 51,3,Not a Pedestrian,No priority to pedestrian,Slight Injury
7:18:00,Thursday,Over 51,Male,Junior high school,Employee,Below 1yr,Owner,Office areas,Undivided Two way,Tangent road with mountainous terrain and,No junction,Asphalt roads,Wet or damp,Daylight,Normal,Vehicle with vehicle collision,2,1,Going straight,na,na,na,na,Not a Pedestrian,No distancing,Slight Injury
7:18:00,Thursday,Over 51,Male,High school,Employee,5-10yr,Owner, Outside rural areas,Undivided Two way,Tangent road with mountainous terrain and,No junction,Asphalt roads,Wet or damp,Daylight,Normal,Collision with pedestrians,2,1,Going straight,Driver or rider,Male,18-30,3,Not a Pedestrian,No priority to vehicle,Slight Injury
17:07:00,Wednesday,Over 51,Male,Above high school,Employee,1-2yr,Owner, Outside rural areas,Undivided Two way,Tangent road with mountainous terrain and,Y Shape,Asphalt roads,Dry,Daylight,Normal,Vehicle with vehicle collision,1,1,Going straight,Pedestrian,Female,18-30,3,Not a Pedestrian,No distancing,Slight Injury
13:45:00,Thursday,Unknown,Male,Junior high school,Employee,Below 1yr,Owner, Outside rural areas,Undivided Two way,Tangent road with flat terrain,No junction,Asphalt roads,Dry,Daylight,Normal,Collision with roadside objects,2,1,Going straight,Driver or rider,Male,31-50,3,Not a Pedestrian,No distancing,Slight Injury
13:45:00,Thursday,Over 51,Male,Unknown,Unknown,Unknown,Owner,Office areas,Undivided Two way,Tangent road with flat terrain,No junction,Asphalt roads,Dry,Daylight,Normal,Vehicle with vehicle collision,2,1,Going straight,Driver or rider,Male,31-50,3,Not a Pedestrian,Moving Backward,Slight Injury
18:40:00,Friday,31-50,Male,High school,Employee,Below 1yr,Owner,  Recreational areas,Undivided Two way,Tangent road with flat terrain,Y Shape,Asphalt roads,Dry,Darkness - lights lit,Normal,Rollover,2,4,Going straight,na,na,na,na,Not a Pedestrian,Changing lane to the right,Slight Injury
18:40:00,Friday,18-30,Male,High school,Employee,Below 1yr,Owner,Office areas,Undivided Two way,Tangent road with flat terrain,Y Shape,Asphalt roads,Dry,Darkness - lights lit,Normal,Vehicle with vehicle collision,2,4,Going straight,Driver or rider,Male,18-30,3,Not a Pedestrian,No priority to pedestrian,Slight Injury
18:40:00,Friday,18-30,Male,Unknown,Unknown,Unknown,Owner,Other,Two-way (divided with broken lines road marking),Tangent road with mild grade and flat terrain,Y Shape,Asphalt roads,Dry,Darkness - lights lit,Normal,Vehicle with vehicle collision,2,4,Unknown,na,na,na,na,Not a Pedestrian,Moving Backward,Slight Injury
18:40:00,Friday,18-30,Male,High school,Employee,2-5yr,Owner,Residential areas,Two-way (divided with broken lines road marking),Tangent road with flat terrain,Y Shape,Asphalt roads,Dry,Darkness - lights lit,Normal,Vehicle with vehicle collision,2,4,Other,Driver or rider,Male,31-50,3,Not a Pedestrian,Getting off the vehicle improperly,Slight Injury
6:53:00,Wednesday,18-30,Male,Junior high school,Employee,Above 10yr,Owner,Residential areas,other,Tangent road with flat terrain,No junction,Asphalt roads,Wet or damp,Daylight,Raining and Windy,Vehicle with vehicle collision,1,1,Getting off,Driver or rider,Male,18-30,3,Not a Pedestrian,Overtaking,Slight Injury
16:10:00,Monday,18-30,Male,Junior high school,Employee,Above 10yr,Owner,Residential areas,Undivided Two way,Tangent road with flat terrain,Y Shape,Asphalt roads,Dry,Daylight,Normal,Vehicle with vehicle collision,2,2,Going straight,Pedestrian,Female,Over 51,3,Not a Pedestrian,Overloading,Slight Injury
16:10:00,Monday,18-30,Male,Junior high school,Employee,5-10yr,Owner,Other,Undivided Two way,Tangent road with flat terrain,Y Shape,Asphalt roads,Dry,Daylight,Normal,Collision with roadside objects,2,2,Going straight,Driver or rider,Female,5,3,Not a Pedestrian,Changing lane to the right,Slight Injury
16:10:00,Monday,Over 51,Male,Junior high school,Employee,1-2yr,Owner,Office areas,Two-way (divided with broken lines road marking),Tangent road with flat terrain,Y Shape,Asphalt roads,Dry,Daylight,Normal,Vehicle with vehicle collision,2,2,Going straight,Passenger,Female,18-30,3,Not a Pedestrian,Improper parking,Slight Injury
8:39:00,Monday,18-30,Male,Unknown,Employee,Below 1yr,Owner,Other,Two-way (divided with broken lines road marking),Tangent road with flat terrain,Y Shape,Asphalt roads,Dry,Daylight,Normal,Vehicle with vehicle collision,1,1,Other,Driver or rider,Male,Under 18,3,Not a Pedestrian,Other,Slight Injury
13:30:00,Tuesday,18-30,Male,Junior high school,Employee,Below 1yr,Owner,Other,other,Tangent road with flat terrain,Other,Asphalt roads,Dry,Daylight,Normal,Collision with roadside objects,2,1,Going straight,Passenger,Female,Under 18,3,Not a Pedestrian,Changing lane to the left,Slight Injury
13:30:00,Tuesday,31-50,Male,High school,Employee,2-5yr,Owner,Office areas,Two-way (divided with broken lines road marking),Tangent road with flat terrain,Other,Asphalt roads,Dry,Daylight,Normal,Collision with roadside objects,2,1,Moving Backward,na,na,na,na,Not a Pedestrian,Changing lane to the right,Slight Injury
19:10:00,Monday,31-50,Male,Junior high school,Owner,1-2yr,Owner, Church areas,other,Tangent road with flat terrain,No junction,Asphalt roads,Dry,Daylight,Normal,Vehicle with vehicle collision,2,2,Other,na,na,na,na,Not a Pedestrian,No priority to pedestrian,Serious Injury
19:10:00,Monday,18-30,Male,Junior high school,Employee,5-10yr,Owner,Other,Two-way (divided with broken lines road marking),Tangent road with flat terrain,No junction,Asphalt roads,Dry,Daylight,Normal,Vehicle with vehicle collision,2,2,Going straight,Driver or rider,Male,31-50,3,Not a Pedestrian,Overspeed,Serious Injury
17:15:00,Thursday,Unknown,Male,Elementary school,Employee,2-5yr,Owner,Other,One way,Tangent road with flat terrain,No junction,Asphalt roads,Dry,Daylight,Normal,Vehicle with vehicle collision,2,1,Going straight,Driver or rider,Male,31-50,3,Not a Pedestrian,Changing lane to the left,Slight Injury
17:15:00,Thursday,18-30,Male,Elementary school,Owner,5-10yr,Owner,Office areas,Double carriageway (median),Tangent road with flat terrain,No junction,Asphalt roads,Dry,Daylight,Normal,Vehicle with vehicle collision,2,1,Going straight,na,na,na,na,Not a Pedestrian,No priority to vehicle,Slight Injury
10:25:00,Sunday,18-30,Male,Junior high school,Employee,Above 10yr,Owner,Office areas,One way,Tangent road with mild grade and flat terrain,No junction,Asphalt roads,Dry,Daylight,Normal,Collision with roadside objects,2,4,Unknown,Driver or rider,Male,18-30,3,Not a Pedestrian,Changing lane to the right,Slight Injury
10:25:00,Sunday,18-30,Male,Junior high school,Employee,5-10yr,Owner,Office areas,Undivided Two way,Tangent road with flat terrain,No junction,Asphalt roads,Dry,Daylight,Normal,Vehicle with vehicle collision,2,4,Going straight,Driver or rider,Male,18-30,3,Not a Pedestrian,No distancing,Slight Injury
10:25:00,Sunday,18-30,Male,High school,Employee,5-10yr,Owner,Office areas,Double carriageway (median),Tangent road with flat terrain,No junction,Asphalt roads,Dry,Daylight,Normal,Vehicle with vehicle collision,2,4,Going straight,Driver or rider,Male,31-50,3,Not a Pedestrian,No priority to pedestrian,Slight Injury
10:25:00,Sunday,31-50,Male,Junior high school,Employee,5-10yr,Owner,Unknown,Two-way (divided with broken lines road marking),Tangent road with flat terrain,No junction,Asphalt roads,Dry,Daylight,Normal,Vehicle with vehicle collision,2,4,Going straight,Driver or rider,Male,18-30,3,Not a Pedestrian,No distancing,Slight Injury
20:40:00,Thursday,Under 18,Male,Junior high school,Employee,Above 10yr,Owner,Office areas,Undivided Two way,Tangent road with flat terrain,Y Shape,Asphalt roads,Wet or damp,Darkness - lights lit,Raining,Vehicle with vehicle collision,2,5,Going straight,na,na,na,na,Not a Pedestrian,No priority to vehicle,Slight Injury
20:40:00,Thursday,Under 18,Male,Junior high school,Unknown,1-2yr,Owner,Other,Unknown,Tangent road with flat terrain,Y Shape,Asphalt roads,Wet or damp,Darkness - lights lit,Raining,Vehicle with vehicle collision,2,5,Going straight,Driver or rider,Male,18-30,3,Not a Pedestrian,Other,Slight Injury
20:40:00,Thursday,Under 18,Male,Junior high school,Employee,2-5yr,Owner,Other,Double carriageway (median),Tangent road with flat terrain,Y Shape,Gravel roads,Wet or damp,Darkness - lights lit,Raining,Vehicle with vehicle collision,2,5,Going straight,na,na,na,na,Not a Pedestrian,Driving carelessly,Slight Injury
20:40:00,Thursday,18-30,Male,Junior high school,Employee,1-2yr,Governmental,Other,Two-way (divided with broken lines road marking),Tangent road with flat terrain,Y Shape,Asphalt roads,Wet or damp,Darkness - lights lit,Raining,Collision with roadside objects,2,5,Going straight,Pedestrian,Female,Under 18,3,Not a Pedestrian,Changing lane to the left,Slight Injury
20:40:00,Thursday,18-30,Male,Unknown,Unknown,Unknown,Owner,Office areas,Unknown,Tangent road with flat terrain,Y Shape,Asphalt roads,Wet or damp,Darkness - lights lit,Raining,Vehicle with vehicle collision,2,5,Going straight,Pedestrian,Female,Under 18,3,Not a Pedestrian,Driving carelessly,Slight Injury
15:20:00,Friday,18-30,Male,Elementary school,Employee,5-10yr,Owner,Office areas,Unknown,Tangent road with flat terrain,No junction,Asphalt roads,Dry,Daylight,Unknown,Collision with pedestrians,2,1,Going straight,na,na,na,na,Not a Pedestrian,Changing lane to the left,Slight Injury
15:20:00,Friday,31-50,Male,Junior high school,Employee,5-10yr,Owner,Office areas,Two-way (divided with broken lines road marking),Tangent road with flat terrain,No junction,Asphalt roads,Dry,Daylight,Unknown,Collision with roadside objects,2,1,Going straight,Driver or rider,Male,31-50,3,Not a Pedestrian,No priority to vehicle,Slight Injury
14:38:00,Tuesday,Unknown,Female,Junior high school,Employee,Above 10yr,Governmental,Office areas,Two-way (divided with broken lines road marking),Tangent road with flat terrain,No junction,Asphalt roads,Dry,Daylight,Normal,Collision with roadside objects,4,1,Going straight,Pedestrian,Male,Under 18,3,Not a Pedestrian,No distancing,Slight Injury