Time,Day_of_week,Age_band_of_driver,Sex_of_driver,Educational_level,Vehicle_driver_relation,Driving_experience,Owner_of_vehicle,Area_accident_occured,Lanes_or_Medians,Road_allignment,Types_of_Junction,Road_surface_type,Road_surface_conditions,Light_conditions,Weather_conditions,Type_of_collision,Number_of_vehicles_involved,Number_of_casualties,Vehicle_movement,Casualty_class,Sex_of_casualty,Age_band_of_casualty,Casualty_severity,Pedestrian_movement,Cause_of_accident,Accident_severity
18:40:00,Tuesday,Unknown,Male,Junior high school,Employee,5-10yr,Owner,Residential areas,Undivided Two way,Tangent road with flat terrain,No junction,Asphalt roads,Dry,Daylight,Unknown,Vehicle with vehicle collision,2,1,Going straight,Driver or rider,Male,Under 18,3,Not a Pedestrian,No distancing,Slight Injury
18:40:00,Tuesday,Unknown,Male,Junior high school,Employee,2-5yr,Owner,Office areas,Undivided Two way,Tangent road with flat terrain,No junction,Asphalt roads,Dry,Daylight,Unknown,Vehicle with vehicle collision,2,1,Going straight,na,na,na,na,Not a Pedestrian,Driving carelessly,Slight Injury
5:50:00,Friday,Unknown,Female,Junior high school,Employee,Below 1yr,Owner,Office areas,Undivided Two way,Tangent road with flat terrain,No junction,Asphalt roads,Dry,Daylight,Normal,Collision with pedestrians,2,1,Turnover,Pedestrian,Female,31-50,3,Not a Pedestrian,Changing lane to the left,Slight Injury
5:50:00,Friday,18-30,Male,Junior high school,Employee,Below 1yr,Owner,Residential areas,Undivided Two way,Tangent road with flat terrain,No junction,Asphalt roads,Dry,Daylight,Normal,Vehicle with vehicle collision,2,1,Other,Pedestrian,Female,31-50,3,Unknown or other,No priority to vehicle,Slight Injury
19:21:00,Thursday,Under 18,Male,Junior high school,Employee,2-5yr,Owner,Office areas,Undivided Two way,Tangent road with flat terrain,No junction,Asphalt roads,Dry,Daylight,Normal,Vehicle with vehicle collision,2,1,Going straight,Pedestrian,Female,31-50,3,Not a Pedestrian,Changing lane to the right,Slight Injury
19:21:00,Thursday,31-50,Male,Elementary school,Employee,Below 1yr,Owner,Office areas,Undivided Two way,Tangent road with flat terrain,No junction,Asphalt roads,Dry,Daylight,Normal,Vehicle with vehicle collision,2,1,Going straight,Driver or rider,Male,18-30,3,Not a Pedestrian,No distancing,Slight Injury
14:50:00,Sunday,31-50,Male,Junior high school,Employee,Below 1yr,Owner,Office areas,Unknown,Tangent road with flat terrain,Other,Asphalt roads,Dry,Daylight,Normal,Vehicle with vehicle collision,1,1,Other,na,na,na,na,Not a Pedestrian,Moving Backward,Slight Injury
22:05:00,Wednesday,Unknown,Female,Junior high school,Employee,Unknown,Owner,Office areas,Two-way (divided with broken lines road marking),Tangent road with flat terrain,Crossing,Asphalt roads,Dry,Darkness - lights lit,Normal,Vehicle with vehicle collision,2,1,Going straight,na,na,na,na,Not a Pedestrian,Moving Backward,Slight Injury
22:05:00,Wednesday,Under 18,Male,Unknown,Employee,5-10yr,Owner,Other,Undivided Two way,Tangent road with flat terrain,Crossing,Asphalt roads,Dry,Darkness - lights lit,Normal,Vehicle with vehicle collision,2,1,Turnover,Driver or rider,Male,5,2,Not a Pedestrian,No distancing,Slight Injury
8:30:00,Tuesday,18-30,Male,Writing & reading,Employee,Below 1yr,Owner,Other,Two-way (divided with broken lines road marking),Tangent road with flat terrain,Y Shape,Asphalt roads,Dry,Daylight,Normal,Vehicle with vehicle collision,2,1,Going straight,Driver or rider,Male,31-50,3,Not a Pedestrian,No distancing,Slight Injury
8:30:00,Tuesday,Unknown,Male,Junior high school,Employee,Below 1yr,Owner,Other,Two-way (divided with broken lines road marking),Tangent road with flat terrain,Y Shape,Asphalt roads,Dry,Daylight,Normal,Vehicle with vehicle collision,2,1,Turnover,Driver or rider,Female,31-50,3,Not a Pedestrian,No distancing,Slight Injury
12:00:00,Tuesday,31-50,Male,Junior high school,Employee,1-2yr,Owner,Residential areas,One way,Tangent road with flat terrain,No junction,Asphalt roads,Dry,Daylight,Normal,Collision with pedestrians,2,1,Going straight,Passenger,Male,31-50,3,Not a Pedestrian,No priority to pedestrian,Slight Injury
12:00:00,Tuesday,31-50,Male,Elementary school,Employee,Above 10yr,Owner,School areas,Undivided Two way,Tangent road with mild grade and flat terrain,No junction,Asphalt roads,Dry,Daylight,Normal,Vehicle with vehicle collision,2,1,Moving Backward,Passenger,Male,31-50,3,Not a Pedestrian,Driving carelessly,Slight Injury
10:35:00,Saturday,31-50,Male,Elementary school,Employee,Above 10yr,Owner,Residential areas,Undivided Two way,Tangent road with mild grade and flat terrain,No junction,Asphalt roads,Wet or damp,Daylight,Raining,Vehicle with vehicle collision,1,1,Unknown,na,na,na,na,Not a Pedestrian,Changing lane to the right,Slight Injury
23:01:00,Friday,18-30,Male,Elementary school,Employee,Below 1yr,Owner,Office areas,Two-way (divided with broken lines road marking),Tangent road with flat terrain,Y Shape,Asphalt roads,Wet or damp,Darkness - lights lit,Raining,Vehicle with vehicle collision,2,1,Going straight,Driver or rider,Female,31-50,3,Not a Pedestrian,Changing lane to the left,Slight Injury
23:01:00,Friday,Unknown,Female,High school,Employee,2-5yr,Owner, Church areas,One way,Tangent road with flat terrain,Y Shape,Asphalt roads,Wet or damp,Darkness - lights lit,Raining,Vehicle with vehicle collision,2,1,Going straight,Pedestrian,Female,31-50,3,Crossing from nearside - masked by parked or statioNot a Pedestrianry vehicle,Driving carelessly,Slight Injury
6:58:00,Tuesday,31-50,Male,Junior high school,Employee,2-5yr,Owner,Other,Undivided Two way,Tangent road with flat terrain,No junction,Asphalt roads,Dry,Daylight,Normal,Collision with roadside objects,2,1,Reversing,Passenger,Female,18-30,3,Not a Pedestrian,Driving carelessly,Slight Injury
6:58:00,Tuesday,31-50,Male,Above high school,Employee,Above 10yr,Owner,Other,One way,Tangent road with flat terrain,No junction,Asphalt roads,Dry,Daylight,Normal,Vehicle with vehicle collision,2,1,Reversing,na,na,na,na,Not a Pedestrian,No distancing,Slight Injury
21:00:00,Monday,18-30,Male,Junior high school,Employee,2-5yr,Owner,Other,Two-way (divided with broken lines road marking),Tangent road with flat terrain,Y Shape,Asphalt roads,Dry,Daylight,Normal,Vehicle with vehicle collision,2,1,Reversing,Driver or rider,Male,18-30,2,Not a Pedestrian,Other,Slight Injury
21:00:00,Monday,Unknown,Female,Junior high school,Employee,2-5yr,Owner,Other,Two-way (divided with broken lines road marking),Tangent road with flat terrain,Y Shape,Asphalt roads,Dry,Daylight,Normal,Vehicle with vehicle collision,2,1,Going straight,Pedestrian,Male,31-50,2,Crossing from driver's nearside,Changing lane to the right,Slight Injury
18:02:00,Monday,18-30,Male,High school,Employee,1-2yr,Owner,Office areas,Undivided Two way,Tangent road with flat terrain,No junction,Asphalt roads,Dry,Daylight,Normal,Vehicle with vehicle collision,1,1,Going straight,Passenger,Female,Over 51,3,Not a Pedestrian,Changing lane to the right,Serious Injury
11:25:00,Thursday,Unknown,Male,Junior high school,Employee,5-10yr,Owner,Office areas,Two-way (divided with solid lines road marking),Tangent road with flat terrain,Y Shape,Asphalt roads,Dry,Daylight,Normal,Vehicle with vehicle collision,2,1,Going straight,Driver or rider,Male,31-50,3,Not a Pedestrian,No distancing,Serious Injury
11:25:00,Thursday,18-30,Male,Junior high school,Employee,Below 1yr,Owner,Residential areas,Undivided Two way,Tangent road with flat terrain,Y Shape,Asphalt roads,Dry,Daylight,Normal,Vehicle with vehicle collision,2,1,Going straight,na,na,na,na,Not a Pedestrian,No distancing,Serious Injury
5:46:00,Friday,18-30,Male,Junior high school,Employee,Below 1yr,Owner,Office areas,One way,Tangent road with flat terrain,Y Shape,Asphalt roads,Dry,Daylight,Normal,Vehicle with vehicle collision,2,1,Moving Backward,Driver or rider,Female,18-30,3,Not a Pedestrian,Overturning,Serious Injury
5:46:00,Friday,18-30,Male,Elementary school,Employee,Unknown,Owner,Residential areas,Two-way (divided with broken lines road marking),Tangent road with flat terrain,Y Shape,Asphalt roads,Dry,Daylight,Normal,Collision with roadside objects,2,1,Going straight,na,na,na,na,Not a Pedestrian,Driving at high speed,Serious Injury
0:34:00,Saturday,18-30,Male,Junior high school,Employee,Below 1yr,Owner,Office areas,Undivided Two way,Tangent road with flat terrain,Crossing,Asphalt roads,Dry,Darkness - lights lit,Normal,Vehicle with vehicle collision,2,1,Moving Backward,na,na,na,na,Not a Pedestrian,No priority to vehicle,Slight Injury
0:34:00,Saturday,31-50,Male,Junior high school,Employee,1-2yr,Owner,Other,Two-way (divided with broken lines road marking),Tangent road with flat terrain,Crossing,Asphalt roads,Dry,Darkness - lights lit,Normal,Vehicle with vehicle collision,2,1,Moving Backward,Driver or rider,Male,18-30,3,Not a Pedestrian,No priority to pedestrian,Slight Injury
14:50:00,Sunday,Unknown,Female,Elementary school,Employee,2-5yr,Owner,Office areas,One way,Tangent road with flat terrain,Crossing,Asphalt roads,Dry,Daylight,Normal,Vehicle with vehicle collision,2,1,Going straight,na,na,na,na,Not a Pedestrian,No priority to vehicle,Slight Injury
14:50:00,Sunday,18-30,Male,High school,Employee,1-2yr,Owner,School areas,Undivided Two way,Tangent road with flat terrain,Crossing,Asphalt roads,Dry,Daylight,Normal,Vehicle with vehicle collision,2,1,Other,Driver or rider,Male,31-50,3,Not a Pedestrian,Other,Slight Injury
13:32:00,Thursday,Unknown,Male,Junior high school,Employee,5-10yr,Owner,Residential areas,One way,Tangent road with flat terrain,No junction,Asphalt roads,Dry,Daylight,Unknown,Rollover,2,2,Going straight,Driver or rider,Male,18-30,3,Not a Pedestrian,Other,Slight Injury
13:32:00,Thursday,31-50,Male,Junior high school,Employee,Below 1yr,Owner,Office areas,Undivided Two way,Tangent road with flat terrain,No junction,Asphalt roads,Dry,Daylight,Unknown,Vehicle with vehicle collision,2,2,Other,na,na,na,na,Not a Pedestrian,Moving Backward,Slight Injury
13:32:00,Thursday,31-50,Male,High school,Employee,Above 10yr,Owner,Residential areas,Undivided Two way,Tangent road with flat terrain,No junction,Asphalt roads,Dry,Daylight,Unknown,Vehicle with vehicle collision,2,2,Going straight,na,na,na,na,Not a Pedestrian,No distancing,Slight Injury
16:00:00,Tuesday,Over 51,Male,Elementary school,Owner,5-10yr,Owner,Office areas,Undivided Two way,Tangent road with flat terrain,Unknown,Asphalt roads,Dry,Daylight,Normal,Collision with roadside objects,2,2,Reversing,Driver or rider,Male,18-30,3,Not a Pedestrian,Moving Backward,Slight Injury
16:00:00,Tuesday,Over 51,Male,Elementary school,Employee,Below 1yr,Owner,Office areas,Two-way (divided with broken lines road marking),Tangent road with flat terrain,Unknown,Asphalt roads,Dry,Daylight,Normal,Vehicle with vehicle collision,2,2,Unknown,Pedestrian,Female,18-30,3,Crossing from nearside - masked by parked or statioNot a Pedestrianry vehicle,No priority to vehicle,Slight Injury
16:00:00,Tuesday,Over 51,Male,Junior high school,Employee,5-10yr,Owner,Residential areas,Undivided Two way,Tangent road with flat terrain,Unknown,Asphalt roads,Dry,Daylight,Normal,Vehicle with vehicle collision,2,2,Going straight,Pedestrian,Female,Over 51,3,Not a Pedestrian,Driving carelessly,Slight Injury
20:53:00,Sunday,31-50,Male,Elementary school,Owner,5-10yr,Owner,Other,Two-way (divided with broken lines road marking),Tangent road with flat terrain,Y Shape,Asphalt roads,Dry,Daylight,Normal,Vehicle with vehicle collision,2,2,Going straight,Driver or rider,Male,18-30,3,Not a Pedestrian,No distancing,Slight Injury
20:53:00,Sunday,18-30,Male,Junior high school,Employee,2-5yr,Owner, Industrial areas,Undivided Two way,Tangent road with flat terrain,Y Shape,Asphalt roads,Dry,Daylight,Normal,Collision with roadside objects,2,2,Going straight,na,na,na,na,Not a Pedestrian,Other,Slight Injury
15:39:00,Thursday,Under 18,Male,Junior high school,Employee,Above 10yr,Owner,Office areas,Two-way (divided with broken lines road marking),Tangent road with flat terrain,Y Shape,Asphalt roads,Dry,Daylight,Normal,Collision with roadside objects,2,2,Going straight,Pedestrian,Female,31-50,3,Crossing from nearside - masked by parked or statioNot a Pedestrianry vehicle,Changing lane to the right,Slight Injury
15:39:00,Thursday,Unknown,Male,Junior high school,Employee,5-10yr,Organization,  Recreational areas,Two-way (divided with broken lines road marking),Tangent road with flat terrain,Y Shape,Asphalt roads,Dry,Daylight,Normal,Vehicle with vehicle collision,2,2,Going straight,Pedestrian,Female,18-30,3,Not a Pedestrian,No distancing,Slight Injury
13:20:00,Monday,Unknown,Male,High school,Employee,1-2yr,Owner,Residential areas,Two-way (divided with broken lines road marking),Tangent road with flat terrain,Crossing,Asphalt roads,Dry,Daylight,Normal,Vehicle with vehicle collision,2,1,Going straight,Driver or rider,Female,18-30,3,Not a Pedestrian,Driving carelessly,Slight Injury
13:20:00,Monday,Over 51,Male,Junior high school,Employee,Above 10yr,Owner,Residential areas,Undivided Two way,Tangent road with flat terrain,Crossing,Asphalt roads,Dry,Daylight,Normal,Collision with roadside objects,2,1,Other,na,na,na,na,Not a Pedestrian,No distancing,Slight Injury
12:16:00,Saturday,31-50,Male,Elementary school,Owner,2-5yr,Owner, Church areas,Undivided Two way,Steep grade downward with mountainous terrain,Y Shape,Asphalt roads,Dry,Daylight,Unknown,Collision with roadside objects,2,2,Going straight,Pedestrian,Female,31-50,3,Not a Pedestrian,No priority to vehicle,Slight Injury
12:16:00,Saturday,31-50,Male,Junior high school,Employee,5-10yr,Owner,Residential areas,Undivided Two way,Tangent road with flat terrain,Y Shape,Asphalt roads,Dry,Daylight,Unknown,Vehicle with vehicle collision,2,2,Going straight,Driver or rider,Male,18-30,3,Not a Pedestrian,Changing lane to the right,Slight Injury
12:16:00,Saturday,31-50,Male,Junior high school,Employee,Below 1yr,Owner,Unknown,other,Tangent road with flat terrain,Y Shape,Asphalt roads,Dry,Daylight,Unknown,Collision with pedestrians,2,2,Going straight,na,na,na,na,Not a Pedestrian,No priority to pedestrian,Slight Injury
18:18:00,Saturday,18-30,Male,Junior high school,Employee,5-10yr,Owner,Other,Undivided Two way,Tangent road with flat terrain,Y Shape,Asphalt roads,Dry,Daylight,Normal,Vehicle with vehicle collision,2,1,Going straight,Pedestrian,Male,Under 18,3,Crossing from driver's nearside,No priority to vehicle,Slight Injury
18:18:00,Saturday,31-50,Male,High school,Employee,Above 10yr,Owner,Other,Two-way (divided with solid lines road marking),Tangent road with flat terrain,Y Shape,Asphalt roads,Dry,Daylight,Normal,Vehicle with vehicle collision,2,1,Reversing,na,na,na,na,Not a Pedestrian,Changing lane to the left,Slight Injury
8:30:00,Monday,Over 51,Unknown,Junior high school,Employee,5-10yr,Owner, Church areas,Two-way (divided with solid lines road marking),Tangent road with flat terrain,Y Shape,Asphalt roads,Dry,Daylight,Normal,Vehicle with vehicle collision,2,1,Going straight,Driver or rider,Male,31-50,3,Not a Pedestrian,Turnover,Slight Injury
8:30:00,Monday,18-30,Male,Elementary school,Employee,1-2yr,Governmental,Other,Two-way (divided with solid lines road marking),Tangent road with flat terrain,Y Shape,Asphalt roads,Dry,Daylight,Normal,Vehicle with vehicle collision,2,1,Going straight,Passenger,Female,31-50,2,Not a Pedestrian,Driving to the left,Slight Injury
12:35:00,Monday,Over 51,Male,Junior high school,Employee,Unknown,Owner, Church areas,Two-way (divided with solid lines road marking),Tangent road with flat terrain,Y Shape,Asphalt roads,Dry,Daylight,Normal,Vehicle with vehicle collision,2,1,Other,Pedestrian,Male,5,2,Not a Pedestrian,Driving carelessly,Slight Injury
12:35:00,Monday,Under 18,Male,Above high school,Employee,1-2yr,Owner, Church areas,Two-way (divided with broken lines road marking),Tangent road with flat terrain,Y Shape,Asphalt roads,Dry,Daylight,Normal,Collision with roadside objects,2,1,Going straight,Pedestrian,Female,Over 51,3,Not a Pedestrian,Driving to the left,Slight Injury
8:27:00,Thursday,31-50,Male,Junior high school,Employee,Above 10yr,Owner,Other,Undivided Two way,Tangent road with flat terrain,Y Shape,Asphalt roads,Dry,Daylight,Normal,Collision with roadside objects,2,1,Going straight,Driver or rider,Male,18-30,3,Not a Pedestrian,Driving carelessly,Slight Injury
8:27:00,Thursday,31-50,Male,Junior high school,Employee,1-2yr,Governmental,Other,Undivided Two way,Tangent road with flat terrain,Y Shape,Asphalt roads,Dry,Daylight,Normal,Vehicle with vehicle collision,2,1,Going straight,na,na,na,na,Not a Pedestrian,No priority to pedestrian,Slight Injury
21:30:00,Saturday,Unknown,Male,Junior high school,Employee,5-10yr,Owner,School areas,other,Tangent road with flat terrain,Y Shape,Asphalt roads,Dry,Daylight,Normal,Vehicle with vehicle collision,2,1,Turnover,Pedestrian,Female,31-50,3,Crossing from nearside - masked by parked or statioNot a Pedestrianry vehicle,Driving carelessly,Slight Injury
21:30:00,Saturday,18-30,Male,Junior high school,Employee,2-5yr,Owner,Residential areas,Undivided Two way,Tangent road with flat terrain,Y Shape,Asphalt roads,Dry,Daylight,Normal,Vehicle with vehicle collision,2,1,Going straight,Passenger,Male,31-50,3,Not a Pedestrian,Changing lane to the right,Slight Injury
16:00:00,Friday,31-50,Male,Unknown,Unknown,Unknown,Owner,Other,Two-way (divided with broken lines road marking),Tangent road with flat terrain,Y Shape,Asphalt roads,Wet or damp,Daylight,Raining,Vehicle with vehicle collision,2,1,Going straight,Passenger,Female,31-50,3,Not a Pedestrian,Moving Backward,Slight Injury
16:00:00,Friday,31-50,Male,Junior high school,Employee,2-5yr,Owner,Office areas,Undivided Two way,Tangent road with flat terrain,Y Shape,Asphalt roads,Wet or damp,Daylight,Raining,Vehicle with vehicle collision,2,1,Reversing,na,na,na,na,Not a Pedestrian,Driving carelessly,Slight Injury
17:23:00,Wednesday,18-30,Male,Junior high school,Employee,2-5yr,Owner,Residential areas,Undivided Two way,Tangent road with flat terrain,No junction,Asphalt roads,Wet or damp,Daylight,Raining,Vehicle with vehicle collision,2,2,Other,na,na,na,na,Not a Pedestrian,Changing lane to the right,Slight Injury
17:23:00,Wednesday,31-50,Male,Junior high school,Employee,Above 10yr,Owner,Other,One way,Steep grade downward with mountainous terrain,No junction,Asphalt roads,Wet or damp,Daylight,Raining,Vehicle with vehicle collision,2,2,Going straight,Driver or rider,Male,18-30,3,Not a Pedestrian,Driving carelessly,Slight Injury
17:50:00,Friday,Unknown,Male,Junior high school,Employee,1-2yr,Owner,Residential areas,Two-way (divided with broken lines road marking),Tangent road with flat terrain,Y Shape,Asphalt roads,Wet or damp,Daylight,Normal,Vehicle with vehicle collision,2,1,Going straight,na,na,na,na,Not a Pedestrian,Driving carelessly,Slight Injury
17:50:00,Friday,31-50,Male,Above high school,Owner,1-2yr,Owner,Residential areas,Undivided Two way,Tangent road with flat terrain,Y Shape,Asphalt roads,Wet or damp,Daylight,Normal,Vehicle with vehicle collision,2,1,Moving Backward,Passenger,Female,Over 51,3,Not a Pedestrian,Driving carelessly,Slight Injury
19:35:00,Thursday,Under 18,Male,Above high school,Employee,No Licence,Owner,Residential areas,Two-way (divided with broken lines road marking),Tangent road with flat terrain,No junction,Asphalt roads,Dry,Daylight,Normal,Vehicle with vehicle collision,3,4,Reversing,Passenger,Female,31-50,3,Not a Pedestrian,Changing lane to the right,Serious Injury
19:35:00,Thursday,Under 18,Male,Junior high school,Employee,1-2yr,Owner,Other,other,Tangent road with flat terrain,No junction,Asphalt roads,Dry,Daylight,Normal,Other,3,4,Going straight,na,na,na,na,Not a Pedestrian,Changing lane to the right,Serious Injury
19:35:00,Thursday,Under 18,Male,Junior high school,Employee,5-10yr,Owner,Other,Undivided Two way,Tangent road with flat terrain,No junction,Asphalt roads,Dry,Daylight,Normal,Vehicle with vehicle collision,3,4,Going straight,Driver or rider,Male,31-50,3,Not a Pedestrian,Driving carelessly,Serious Injury
19:35:00,Thursday,Under 18,Male,Junior high school,Employee,Above 10yr,Owner,Other,One way,Tangent road with flat terrain,No junction,Asphalt roads,Dry,Daylight,Normal,Collision with roadside objects,3,4,Moving Backward,Passenger,Male,Over 51,3,Not a Pedestrian,Overtaking,Serious Injury
19:35:00,Thursday,31-50,Male,Junior high school,Employee,Above 10yr,Owner, Hospital areas,Undivided Two way,Tangent road with flat terrain,No junction,Asphalt roads,Dry,Daylight,Normal,Vehicle with vehicle collision,3,4,Going straight,Driver or rider,Female,31-50,3,Not a Pedestrian,Changing lane to the right,Serious Injury
19:35:00,Thursday,Unknown,Male,Junior high school,Owner,5-10yr,Owner,Residential areas,Undivided Two way,Tangent road with flat terrain,No junction,Asphalt roads,Dry,Daylight,Normal,Vehicle with vehicle collision,3,4,Going straight,Driver or rider,Male,31-50,3,Not a Pedestrian,No distancing,Serious Injury
13:38:00,Sunday,18-30,Male,Elementary school,Employee,2-5yr,Owner,Residential areas,One way,Tangent road with flat terrain,Y Shape,Asphalt roads,Dry,Daylight,Normal,Vehicle with vehicle collision,3,2,Going straight,Driver or rider,Male,31-50,3,Not a Pedestrian,Other,Slight Injury
13:38:00,Sunday,18-30,Male,Junior high school,Employee,2-5yr,Owner,Residential areas,Undivided Two way,Tangent road with flat terrain,Y Shape,Asphalt roads,Dry,Daylight,Normal,Vehicle with vehicle collision,3,2,Going straight,Passenger,Female,Over 51,3,Not a Pedestrian,Changing lane to the right,Slight Injury
13:38:00,Sunday,Unknown,Female,Junior high school,Employee,Below 1yr,Owner,Other,Two-way (divided with broken lines road marking),Tangent road with flat terrain,Y Shape,Asphalt roads,Dry,Daylight,Normal,Vehicle with vehicle collision,3,2,Going straight,Driver or rider,Male,5,3,Not a Pedestrian,Changing lane to the right,Slight Injury
13:38:00,Sunday,Unknown,Male,Junior high school,Employee,2-5yr,Owner,Office areas,Two-way (divided with broken lines road marking),Tangent road with flat terrain,Y Shape,Asphalt roads,Dry,Daylight,Normal,Vehicle with vehicle collision,3,2,Going straight,Passenger,Male,5,2,Not a Pedestrian,Overtaking,Slight Injury
17:14:00,Saturday,Unknown,Female,Junior high school,Employee,2-5yr,Owner,Other,other,Tangent road with flat terrain,Crossing,Asphalt roads,Dry,Daylight,Normal,Collision with roadside objects,4,1,Unknown,Passenger,Male,5,2,Not a Pedestrian,Other,Slight Injury
17:14:00,Saturday,31-50,Male,Elementary school,Employee,5-10yr,Owner,Office areas,Double carriageway (median),Tangent road with flat terrain,Crossing,Asphalt roads,Dry,Daylight,Normal,Collision with roadside objects,4,1,Going straight,na,na,na,na,Not a Pedestrian,Driving to the left,Slight Injury
17:14:00,Saturday,31-50,Male,Junior high school,Employee,Above 10yr,Owner,Residential areas,Two-way (divided with broken lines road marking),Tangent road with flat terrain,Crossing,Asphalt roads,Dry,Daylight,Normal,Vehicle with vehicle collision,4,1,Reversing,Passenger,Female,18-30,3,Not a Pedestrian,Overtaking,Slight Injury
17:14:00,Saturday,Under 18,Male,Unknown,Unknown,Unknown,Owner,Office areas,Double carriageway (median),Gentle horizontal curve,Crossing,Asphalt roads,Dry,Daylight,Normal,Collision with roadside objects,4,1,Going straight,na,na,na,na,Not a Pedestrian,No priority to vehicle,Slight Injury
18:57:00,Tuesday,18-30,Male,Junior high school,Employee,2-5yr,Owner,Office areas,Double carriageway (median),Tangent road with flat terrain,Y Shape,Asphalt roads,Dry,Daylight,Normal,Collision with roadside objects,2,2,Going straight,Driver or rider,Male,5,3,Not a Pedestrian,Moving Backward,Slight Injury
18:57:00,Tuesday,18-30,Male,Junior high school,Employee,5-10yr,Organization,Other,Double carriageway (median),Tangent road with flat terrain,Y Shape,Asphalt roads,Dry,Daylight,Normal,Vehicle with vehicle collision,2,2,Going straight,na,na,na,na,Not a Pedestrian,Other,Slight Injury
16:58:00,Thursday,Under 18,Male,Above high school,Employee,2-5yr,Owner,Office areas,Two-way (divided with broken lines road marking),Tangent road with flat terrain,No junction,Asphalt roads,Dry,Daylight,Normal,Vehicle with vehicle collision,3,1,Going straight,Driver or rider,Male,18-30,3,Not a Pedestrian,No priority to vehicle,Slight Injury
16:58:00,Thursday,Unknown,Male,Unknown,Unknown,Unknown,Owner,Office areas,Unknown,Tangent road with flat terrain,No junction,Asphalt roads,Dry,Daylight,Normal,Collision with roadside objects,3,1,Going straight,na,na,na,na,Not a Pedestrian,No priority to pedestrian,Slight Injury
16:58:00,Thursday,Over 51,Male,Unknown,Employee,1-2yr,Governmental,Office areas,One way,Tangent road with flat terrain,No junction,Asphalt roads,Dry,Daylight,Normal,Vehicle with vehicle collision,3,1,Going straight,Passenger,Female,31-50,3,Not a Pedestrian,Changing lane to the right,Slight Injury
21:25:00,Sunday,31-50,Male,Junior high school,Employee,2-5yr,Owner,Other,Undivided Two way,Tangent road with flat terrain,T Shape,Asphalt roads,Dry,Darkness - lights lit,Normal,Vehicle with vehicle collision,2,5,Other,Driver or rider,Male,18-30,3,Not a Pedestrian,Changing lane to the right,Slight Injury
21:25:00,Sunday,31-50,Male,Junior high school,Employee,Above 10yr,Owner,Residential areas,Unknown,Tangent road with flat terrain,T Shape,Asphalt roads,Dry,Darkness - lights lit,Normal,Vehicle with vehicle collision,2,5,Moving Backward,na,na,na,na,Not a Pedestrian,Changing lane to the right,Slight Injury
21:25:00,Sunday,31-50,Male,Junior high school,Employee,Below 1yr,Owner,Residential areas,Two-way (divided with broken lines road marking),Gentle horizontal curve,T Shape,Asphalt roads,Dry,Darkness - lights lit,Normal,Vehicle with vehicle collision,2,5,Other,na,na,na,na,Not a Pedestrian,Driving to the left,Slight Injury
21:25:00,Sunday,31-50,Male,Junior high school,Employee,2-5yr,Owner, Church areas,Two-way (divided with broken lines road marking),Tangent road with flat terrain,T Shape,Asphalt roads,Dry,Darkness - lights lit,Normal,Vehicle with vehicle collision,2,5,Going straight,Driver or rider,Male,31-50,3,Not a Pedestrian,Changing lane to the left,Slight Injury
21:25:00,Sunday,31-50,Male,Junior high school,Employee,Below 1yr,Owner,Other,Two-way (divided with broken lines road marking),Tangent road with flat terrain,T Shape,Asphalt roads,Dry,Darkness - lights lit,Normal,Vehicle with vehicle collision,2,5,Going straight,na,na,na,na,Not a Pedestrian,Moving Backward,Slight Injury
4:50:00,Thursday,18-30,Male,High school,Employee,5-10yr,Owner,Residential areas,Two-way (divided with broken lines road marking),Tangent road with flat terrain,No junction,Asphalt roads,Dry,Darkness - lights lit,Normal,Collision with pedestrians,1,1,Going straight,Driver or rider,Male,18-30,3,Not a Pedestrian,Driving at high speed,Slight Injury
3:26:00,Thursday,Unknown,Female,Above high school,Employee,1-2yr,Owner,Other,Undivided Two way,Tangent road with flat terrain,No junction,Asphalt roads,Dry,Darkness - lights lit,Normal,Vehicle with vehicle collision,2,1,Other,Passenger,Male,Over 51,3,Not a Pedestrian,Moving Backward,Serious Injury
3:26:00,Thursday,Over 51,Male,Junior high school,Employee,Below 1yr,Owner,Residential areas,Undivided Two way,Tangent road with flat terrain,No junction,Asphalt roads,Dry,Darkness - lights lit,Normal,Collision with roadside objects,2,1,Going straight,na,na,na,na,Not a Pedestrian,No distancing,Serious Injury
15:25:00,Thursday,Over 51,Male,Unknown,Unknown,Unknown,Owner,Residential areas,Two-way (divided with broken lines road marking),Tangent road with flat terrain,No junction,Asphalt roads,Dry,Daylight,Normal,Vehicle with vehicle collision,1,1,Unknown,Driver or rider,Male,31-50,3,Not a Pedestrian,Other,Slight Injury
12:45:00,Sunday,18-30,Male,High school,Employee,Below 1yr,Owner,Other,Two-way (divided with broken lines road marking),Tangent road with flat terrain,Y Shape,Asphalt roads,Dry,Daylight,Normal,Vehicle with vehicle collision,2,1,Going straight,Pedestrian,Male,31-50,3,Crossing from nearside - masked by parked or statioNot a Pedestrianry vehicle,No priority to vehicle,Slight Injury
12:45:00,Sunday,31-50,Male,High school,Employee,Below 1yr,Owner,Other,Two-way (divided with broken lines road marking),Tangent road with flat terrain,Y Shape,Asphalt roads,Dry,Daylight,Normal,Vehicle with vehicle collision,2,1,Going straight,Pedestrian,Male,18-30,3,Not a Pedestrian,Changing lane to the right,Slight Injury