Time,Day_of_week,Age_band_of_driver,Sex_of_driver,Educational_level,Vehicle_driver_relation,Driving_experience,Owner_of_vehicle,Area_accident_occured,Lanes_or_Medians,Road_allignment,Types_of_Junction,Road_surface_type,Road_surface_conditions,Light_conditions,Weather_conditions,Type_of_collision,Number_of_vehicles_involved,Number_of_casualties,Vehicle_movement,Casualty_class,Sex_of_casualty,Age_band_of_casualty,Casualty_severity,Pedestrian_movement,Cause_of_accident,Accident_severity
19:31:00,Thursday,31-50,Male,Above high school,Employee,Above 10yr,Owner, Church areas,Two-way (divided with broken lines road marking),Tangent road with flat terrain,Crossing,Other,Dry,Darkness - lights lit,Normal,Vehicle with vehicle collision,2,1,Going straight,Driver or rider,Female,18-30,3,Not a Pedestrian,Driving carelessly,Slight Injury
19:31:00,Thursday,18-30,Male,Above high school,Employee,2-5yr,Owner,Other,Undivided Two way,Tangent road with flat terrain,Crossing,Asphalt roads,Dry,Darkness - lights lit,Normal,Vehicle with vehicle collision,2,1,Going straight,na,na,na,na,Not a Pedestrian,No distancing,Slight Injury
1:19:00,Monday,18-30,Male,Elementary school,Employee,5-10yr,Organization, Industrial areas,Two-way (divided with broken lines road marking),Tangent road with flat terrain,Y Shape,Asphalt roads,Dry,Darkness - lights lit,Normal,Vehicle with vehicle collision,2,1,Going straight,Driver or rider,Male,18-30,3,Not a Pedestrian,Getting off the vehicle improperly,Slight Injury
1:19:00,Monday,Unknown,Male,Elementary school,Employee,1-2yr,Owner,Residential areas,Double carriageway (median),Tangent road with flat terrain,Y Shape,Asphalt roads,Dry,Darkness - lights lit,Normal,Vehicle with vehicle collision,2,1,Reversing,na,na,na,na,Not a Pedestrian,Driving under the influence of drugs,Slight Injury
17:30:00,Thursday,Under 18,Male,Junior high school,Employee,Unknown,Governmental,Other,Two-way (divided with broken lines road marking),Tangent road with flat terrain,Y Shape,Asphalt roads,Dry,Darkness - lights lit,Normal,Collision with pedestrians,2,1,Going straight,Driver or rider,Female,18-30,3,Not a Pedestrian,Changing lane to the right,Slight Injury
17:30:00,Thursday,Unknown,Male,Unknown,Unknown,Unknown,Owner,Office areas,Two-way (divided with broken lines road marking),Tangent road with flat terrain,Y Shape,Asphalt roads,Dry,Darkness - lights lit,Normal,Vehicle with vehicle collision,2,1,Going straight,Pedestrian,Female,18-30,3,Not a Pedestrian,Driving carelessly,Slight Injury
7:15:00,Wednesday,Unknown,Female,Elementary school,Employee,5-10yr,Owner, Industrial areas,Unknown,Tangent road with flat terrain,Y Shape,Asphalt roads,Dry,Darkness - lights lit,Normal,Vehicle with vehicle collision,2,1,Other,na,na,na,na,Not a Pedestrian,Moving Backward,Slight Injury
7:15:00,Wednesday,Under 18,Male,Junior high school,Employee,2-5yr,Owner, Industrial areas,Double carriageway (median),Tangent road with flat terrain,Y Shape,Asphalt roads,Dry,Darkness - lights lit,Normal,Vehicle with vehicle collision,2,1,Going straight,Driver or rider,Male,31-50,3,Not a Pedestrian,Turnover,Slight Injury
8:25:00,Monday,31-50,Male,Junior high school,Employee,5-10yr,Owner,Other,Two-way (divided with broken lines road marking),Tangent road with flat terrain,Y Shape,Asphalt roads,Wet or damp,Daylight,Raining,Vehicle with vehicle collision,2,1,Going straight,Driver or rider,Male,18-30,3,Not a Pedestrian,Changing lane to the right,Slight Injury
8:25:00,Monday,31-50,Male,High school,Employee,2-5yr,Organization, Hospital areas,Two-way (divided with broken lines road marking),Tangent road with flat terrain,Y Shape,Asphalt roads,Wet or damp,Daylight,Raining,Collision with roadside objects,2,1,Going straight,na,na,na,na,Not a Pedestrian,Driving carelessly,Slight Injury
14:55:00,Saturday,31-50,Male,Junior high school,Employee,1-2yr,Owner,Office areas,One way,Tangent road with flat terrain,Y Shape,Asphalt roads,Dry,Daylight,Normal,Vehicle with vehicle collision,1,1,Turnover,Driver or rider,Male,18-30,3,Not a Pedestrian,No priority to vehicle,Serious Injury
11:25:00,Tuesday,18-30,Male,Junior high school,Employee,1-2yr,Owner, Church areas,Undivided Two way,Tangent road with flat terrain,No junction,Asphalt roads,Dry,Daylight,Normal,Vehicle with vehicle collision,2,2,Going straight,na,na,na,na,Not a Pedestrian,Moving Backward,Slight Injury
11:25:00,Tuesday,18-30,Male,Junior high school,Employee,5-10yr,Organization, Hospital areas,Undivided Two way,Tangent road with mountainous terrain and,No junction,Asphalt roads,Dry,Daylight,Normal,Vehicle with vehicle collision,2,2,Going straight,na,na,na,na,Not a Pedestrian,Changing lane to the left,Slight Injury
13:02:00,Monday,Under 18,Male,Illiterate,Employee,Unknown,Owner,Office areas,other,Tangent road with flat terrain,Y Shape,Asphalt roads,Wet or damp,Daylight,Raining,Vehicle with vehicle collision,2,2,Reversing,Driver or rider,Male,31-50,3,Not a Pedestrian,Overturning,Slight Injury
13:02:00,Monday,Under 18,Male,Junior high school,Employee,5-10yr,Owner,Other,Two-way (divided with broken lines road marking),Escarpments,Y Shape,Asphalt roads,Wet or damp,Daylight,Raining,Vehicle with vehicle collision,2,2,Other,na,na,na,na,Not a Pedestrian,No distancing,Slight Injury
13:02:00,Monday,31-50,Male,Junior high school,Employee,1-2yr,Owner,Office areas,Undivided Two way,Tangent road with flat terrain,Y Shape,Gravel roads,Wet or damp,Daylight,Raining,Vehicle with vehicle collision,2,2,Going straight,Driver or rider,Male,18-30,3,Not a Pedestrian,Driving carelessly,Slight Injury
12:42:00,Saturday,Unknown,Female,Junior high school,Employee,2-5yr,Owner,Office areas,Two-way (divided with broken lines road marking),Tangent road with mountainous terrain and,No junction,Asphalt roads,Wet or damp,Daylight,Normal,Vehicle with vehicle collision,1,1,Going straight,na,na,na,na,Not a Pedestrian,No distancing,Slight Injury
9:20:00,Tuesday,Unknown,Male,Junior high school,Employee,Above 10yr,Owner,Other,Double carriageway (median),Steep grade downward with mountainous terrain,Y Shape,Asphalt roads,Dry,Daylight,Normal,Collision with roadside objects,2,1,Moving Backward,Driver or rider,Male,31-50,3,Not a Pedestrian,Changing lane to the left,Slight Injury
9:20:00,Tuesday,Over 51,Male,Junior high school,Owner,5-10yr,Owner,Office areas,Undivided Two way,Tangent road with mild grade and flat terrain,Y Shape,Asphalt roads,Dry,Daylight,Normal,Vehicle with vehicle collision,2,1,Reversing,na,na,na,na,Not a Pedestrian,No priority to pedestrian,Slight Injury
12:00:00,Saturday,Unknown,Male,High school,Employee,1-2yr,Owner,Residential areas,Undivided Two way,Tangent road with flat terrain,Other,Other,Dry,Daylight,Normal,Vehicle with vehicle collision,2,1,Going straight,Pedestrian,Male,Over 51,3,Not a Pedestrian,No distancing,Slight Injury
12:00:00,Saturday,Over 51,Male,Junior high school,Employee,Above 10yr,Owner,Other,Two-way (divided with broken lines road marking),Tangent road with flat terrain,Other,Asphalt roads,Dry,Daylight,Normal,Vehicle with vehicle collision,2,1,Going straight,Driver or rider,Male,31-50,3,Not a Pedestrian,No distancing,Slight Injury
21:06:00,Wednesday,31-50,Male,Junior high school,Employee,1-2yr,Owner,Office areas,Double carriageway (median),Tangent road with flat terrain,Other,Other,Dry,Darkness - lights lit,Normal,Vehicle with vehicle collision,1,1,Moving Backward,na,na,na,na,Not a Pedestrian,Changing lane to the left,Slight Injury
13:48:00,Saturday,Over 51,Male,Junior high school,Employee,2-5yr,Owner,Office areas,Undivided Two way,Tangent road with mountainous terrain and,No junction,Asphalt roads,Wet or damp,Daylight,Normal,Rollover,3,4,Going straight,Driver or rider,Male,Under 18,3,Not a Pedestrian,No distancing,Slight Injury
13:48:00,Saturday,Over 51,Male,Junior high school,Employee,Above 10yr,Owner,Office areas,other,Tangent road with flat terrain,No junction,Asphalt roads,Wet or damp,Daylight,Normal,Vehicle with vehicle collision,3,4,Going straight,na,na,na,na,Not a Pedestrian,Changing lane to the left,Slight Injury
13:48:00,Saturday,Over 51,Male,Junior high school,Employee,2-5yr,Owner,Other,Two-way (divided with broken lines road marking),Tangent road with mild grade and flat terrain,No junction,Asphalt roads,Wet or damp,Daylight,Normal,Vehicle with vehicle collision,3,4,Going straight,na,na,na,na,Not a Pedestrian,No distancing,Slight Injury
13:48:00,Saturday,31-50,Male,Elementary school,Employee,5-10yr,Owner, Church areas,Undivided Two way,Tangent road with flat terrain,No junction,Asphalt roads,Wet or damp,Daylight,Normal,Collision with roadside objects,3,4,Going straight,Driver or rider,Male,31-50,3,Not a Pedestrian,No distancing,Slight Injury
12:35:00,Monday,18-30,Male,Unknown,Unknown,Unknown,Owner, Industrial areas,Undivided Two way,Tangent road with flat terrain,Other,Asphalt roads,Dry,Daylight,Normal,Vehicle with vehicle collision,2,1,Going straight,Driver or rider,Male,5,3,Not a Pedestrian,No distancing,Slight Injury
12:35:00,Monday,31-50,Male,Elementary school,Employee,1-2yr,Owner,Office areas,Double carriageway (median),Tangent road with flat terrain,Other,Asphalt roads,Dry,Daylight,Normal,Vehicle with vehicle collision,2,1,Going straight,na,na,na,na,Not a Pedestrian,Changing lane to the left,Slight Injury
21:35:00,Saturday,18-30,Male,Elementary school,Employee,5-10yr,Owner, Church areas,Undivided Two way,Tangent road with flat terrain,No junction,Asphalt roads,Dry,Darkness - lights lit,Other,Vehicle with vehicle collision,2,2,Unknown,Driver or rider,Female,18-30,3,Not a Pedestrian,Changing lane to the right,Slight Injury
21:35:00,Saturday,18-30,Male,Elementary school,Employee,5-10yr,Owner,Office areas,Undivided Two way,Tangent road with flat terrain,No junction,Asphalt roads,Dry,Darkness - lights lit,Other,Collision with roadside objects,2,2,Going straight,Driver or rider,Male,Over 51,2,Not a Pedestrian,Moving Backward,Slight Injury
17:55:00,Sunday,Unknown,Male,Junior high school,Employee,1-2yr,Owner,Office areas,other,Tangent road with flat terrain,No junction,Asphalt roads,Dry,Daylight,Other,Collision with roadside objects,1,1,Reversing,na,na,na,na,Not a Pedestrian,Changing lane to the right,Slight Injury
15:40:00,Sunday,18-30,Male,Junior high school,Employee,5-10yr,Owner,Residential areas,Two-way (divided with broken lines road marking),Tangent road with flat terrain,No junction,Asphalt roads,Wet or damp,Daylight,Normal,Vehicle with vehicle collision,1,1,Going straight,Pedestrian,Male,31-50,3,Not a Pedestrian,No distancing,Slight Injury
8:28:00,Sunday,18-30,Male,Junior high school,Employee,5-10yr,Owner,Office areas,Two-way (divided with broken lines road marking),Tangent road with flat terrain,No junction,Asphalt roads,Dry,Daylight,Normal,Vehicle with vehicle collision,2,1,Going straight,Driver or rider,Female,18-30,3,Not a Pedestrian,Overtaking,Slight Injury
8:28:00,Sunday,31-50,Male,Junior high school,Employee,2-5yr,Owner,Residential areas,Undivided Two way,Tangent road with flat terrain,No junction,Asphalt roads,Dry,Daylight,Normal,Collision with roadside objects,2,1,Going straight,Pedestrian,Female,31-50,3,Unknown or other,Other,Slight Injury
21:12:00,Wednesday,Unknown,Male,Junior high school,Employee,1-2yr,Owner,Office areas,Double carriageway (median),Tangent road with flat terrain,Y Shape,Asphalt roads,Dry,Darkness - lights lit,Normal,Collision with roadside objects,1,1,Going straight,na,na,na,na,Not a Pedestrian,Other,Fatal injury
19:15:00,Sunday,Unknown,Female,Junior high school,Employee,5-10yr,Owner,Office areas,Double carriageway (median),Tangent road with flat terrain,Crossing,Asphalt roads,Dry,Darkness - lights lit,Normal,Vehicle with vehicle collision,2,1,Going straight,Driver or rider,Male,31-50,3,Not a Pedestrian,Changing lane to the right,Slight Injury
19:15:00,Sunday,31-50,Male,Junior high school,Employee,Below 1yr,Owner,Other,Two-way (divided with broken lines road marking),Tangent road with flat terrain,Crossing,Asphalt roads,Dry,Darkness - lights lit,Normal,Vehicle with vehicle collision,2,1,Going straight,na,na,na,na,Not a Pedestrian,No priority to pedestrian,Slight Injury
16:10:00,Friday,Unknown,Male,Junior high school,Employee,5-10yr,Owner,Other,Two-way (divided with broken lines road marking),Tangent road with flat terrain,Crossing,Asphalt roads,Dry,Daylight,Normal,Vehicle with vehicle collision,1,1,Other,Driver or rider,Male,Over 51,2,Not a Pedestrian,No priority to vehicle,Slight Injury
19:48:00,Tuesday,18-30,Male,Junior high school,Owner,5-10yr,Owner,Residential areas,Two-way (divided with broken lines road marking),Tangent road with flat terrain,No junction,Asphalt roads,Dry,Darkness - no lighting,Normal,Collision with roadside objects,2,3,Moving Backward,na,na,na,na,Not a Pedestrian,Changing lane to the left,Slight Injury
19:48:00,Tuesday,18-30,Male,Unknown,Owner,5-10yr,Owner, Church areas,Two-way (divided with broken lines road marking),Tangent road with flat terrain,No junction,Asphalt roads,Dry,Darkness - no lighting,Normal,Vehicle with vehicle collision,2,3,Other,Driver or rider,Male,18-30,3,Not a Pedestrian,Changing lane to the left,Slight Injury
19:48:00,Tuesday,18-30,Male,Junior high school,Employee,5-10yr,Governmental, Church areas,Double carriageway (median),Tangent road with flat terrain,No junction,Asphalt roads,Dry,Darkness - no lighting,Normal,Vehicle with vehicle collision,2,3,Going straight,na,na,na,na,Not a Pedestrian,Overtaking,Slight Injury
11:20:00,Tuesday,Under 18,Male,High school,Employee,2-5yr,Owner,Residential areas,Double carriageway (median),Tangent road with flat terrain,Other,Asphalt roads,Dry,Daylight,Normal,Vehicle with vehicle collision,2,2,Going straight,Driver or rider,Male,31-50,3,Not a Pedestrian,No distancing,Slight Injury
11:20:00,Tuesday,Under 18,Male,Above high school,Employee,5-10yr,Owner,Office areas,Two-way (divided with broken lines road marking),Tangent road with mild grade and flat terrain,Other,Asphalt roads,Dry,Daylight,Normal,Rollover,2,2,Going straight,Passenger,Male,18-30,3,Not a Pedestrian,No priority to vehicle,Slight Injury
18:03:00,Thursday,18-30,Male,Junior high school,Employee,Above 10yr,Owner,Office areas,Two-way (divided with broken lines road marking),Tangent road with mild grade and flat terrain,No junction,Earth roads,Dry,Daylight,Normal,Vehicle with vehicle collision,1,2,Other,Passenger,Male,5,3,Not a Pedestrian,Changing lane to the right,Slight Injury
18:03:00,Thursday,18-30,Male,Junior high school,Employee,Below 1yr,Owner,Residential areas,Two-way (divided with broken lines road marking),Tangent road with flat terrain,No junction,Asphalt roads,Dry,Daylight,Normal,Vehicle with vehicle collision,1,2,Going straight,na,na,na,na,Not a Pedestrian,Changing lane to the left,Slight Injury
19:46:00,Friday,Unknown,Male,Elementary school,Employee,5-10yr,Owner, Church areas,other,Tangent road with flat terrain,Crossing,Asphalt roads,Dry,Darkness - lights lit,Normal,Collision with pedestrians,2,1,Unknown,na,na,na,na,Not a Pedestrian,No distancing,Slight Injury
19:46:00,Friday,18-30,Male,Elementary school,Employee,2-5yr,Owner,Other,Two-way (divided with broken lines road marking),Tangent road with flat terrain,Crossing,Asphalt roads,Dry,Darkness - lights lit,Normal,Vehicle with vehicle collision,2,1,Going straight,Driver or rider,Female,18-30,3,Not a Pedestrian,Driving carelessly,Slight Injury
9:00:00,Tuesday,18-30,Male,Junior high school,Employee,2-5yr,Owner,Office areas,Two-way (divided with broken lines road marking),Tangent road with flat terrain,No junction,Asphalt roads,Dry,Daylight,Normal,Vehicle with vehicle collision,2,1,Going straight,na,na,na,na,Not a Pedestrian,No priority to pedestrian,Slight Injury
9:00:00,Tuesday,Unknown,Male,Junior high school,Employee,1-2yr,Owner,Other,Two-way (divided with broken lines road marking),Tangent road with flat terrain,No junction,Asphalt roads,Dry,Daylight,Normal,Vehicle with vehicle collision,2,1,Going straight,Driver or rider,Male,18-30,3,Not a Pedestrian,Driving carelessly,Slight Injury
17:05:00,Friday,Under 18,Male,Junior high school,Employee,2-5yr,Owner,Other,Two-way (divided with broken lines road marking),Tangent road with flat terrain,Y Shape,Asphalt roads,Dry,Daylight,Normal,Vehicle with vehicle collision,2,1,Going straight,Pedestrian,Male,18-30,3,"In carriageway, statioNot a Pedestrianry - not crossing  (standing or playing) - masked by parked or statioNot a Pedestrianry vehicle",Moving Backward,Slight Injury
17:05:00,Friday,Unknown,Male,Junior high school,Employee,2-5yr,Owner,Unknown,Unknown,Tangent road with flat terrain,Y Shape,Asphalt roads,Dry,Daylight,Normal,Collision with roadside objects,2,1,Moving Backward,na,na,na,na,Not a Pedestrian,No distancing,Slight Injury
21:15:00,Thursday,Under 18,Male,Junior high school,Employee,Above 10yr,Governmental,Residential areas,Two-way (divided with broken lines road marking),Tangent road with flat terrain,No junction,Asphalt roads,Dry,Darkness - lights lit,Normal,Vehicle with vehicle collision,2,1,Moving Backward,Driver or rider,Female,Over 51,2,Not a Pedestrian,No distancing,Serious Injury
21:15:00,Thursday,Under 18,Male,High school,Employee,Below 1yr,Owner, Church areas,Undivided Two way,Tangent road with flat terrain,No junction,Asphalt roads,Dry,Darkness - lights lit,Normal,Vehicle with vehicle collision,2,1,Going straight,Driver or rider,Male,18-30,3,Not a Pedestrian,No distancing,Serious Injury
14:45:00,Thursday,Unknown,Male,Junior high school,Employee,2-5yr,Owner,Other,Undivided Two way,Tangent road with flat terrain,Y Shape,Asphalt roads,Dry,Daylight,Normal,Vehicle with vehicle collision,3,1,Going straight,na,na,na,na,Not a Pedestrian,Changing lane to the left,Slight Injury
14:45:00,Thursday,31-50,Male,High school,Employee,Above 10yr,Owner,Other,One way,Tangent road with flat terrain,Y Shape,Gravel roads,Dry,Daylight,Normal,Vehicle with vehicle collision,3,1,Turnover,Pedestrian,Female,Under 18,3,Crossing from nearside - masked by parked or statioNot a Pedestrianry vehicle,Changing lane to the left,Slight Injury
14:45:00,Thursday,18-30,Male,Junior high school,Employee,Above 10yr,Owner,Residential areas,Two-way (divided with broken lines road marking),Tangent road with flat terrain,Y Shape,Asphalt roads,Dry,Daylight,Normal,Collision with roadside objects,3,1,Going straight,Driver or rider,Male,31-50,3,Not a Pedestrian,Moving Backward,Slight Injury
16:30:00,Thursday,Unknown,Male,High school,Employee,5-10yr,Owner,Office areas,One way,Tangent road with flat terrain,No junction,Earth roads,Dry,Daylight,Normal,Vehicle with vehicle collision,1,2,Going straight,Driver or rider,Male,18-30,3,Not a Pedestrian,Changing lane to the right,Slight Injury
16:30:00,Thursday,Unknown,Male,Junior high school,Employee,Above 10yr,Owner, Industrial areas,Two-way (divided with broken lines road marking),Tangent road with flat terrain,No junction,Asphalt roads,Dry,Daylight,Normal,Collision with roadside objects,1,2,Going straight,Driver or rider,Male,18-30,2,Not a Pedestrian,No priority to vehicle,Slight Injury
17:24:00,Monday,18-30,Male,Junior high school,Employee,1-2yr,Governmental,Residential areas,Double carriageway (median),Tangent road with flat terrain,No junction,Asphalt roads,Dry,Daylight,Normal,Vehicle with vehicle collision,2,2,Going straight,na,na,na,na,Not a Pedestrian,Moving Backward,Slight Injury
17:24:00,Monday,18-30,Male,Junior high school,Employee,2-5yr,Owner,Office areas,Unknown,Tangent road with flat terrain,No junction,Asphalt roads,Dry,Daylight,Normal,Rollover,2,2,Going straight,na,na,na,na,Not a Pedestrian,Driving carelessly,Slight Injury
17:24:00,Monday,31-50,Male,Elementary school,Employee,2-5yr,Owner,Other,Unknown,Tangent road with flat terrain,No junction,Earth roads,Dry,Daylight,Normal,Vehicle with vehicle collision,2,2,Going straight,Driver or rider,Male,31-50,3,Not a Pedestrian,Driving carelessly,Slight Injury
18:08:00,Friday,31-50,Male,Elementary school,Other,5-10yr,Owner, Church areas,other,Tangent road with flat terrain,No junction,Asphalt roads,Dry,Daylight,Normal,Vehicle with vehicle collision,1,1,Going straight,Driver or rider,Male,31-50,3,Not a Pedestrian,Driving under the influence of drugs,Slight Injury
22:24:00,Thursday,18-30,Male,Junior high school,Employee,5-10yr,Owner, Industrial areas,Unknown,Tangent road with flat terrain,Other,Asphalt roads,Dry,Darkness - lights lit,Normal,Vehicle with vehicle collision,3,1,Going straight,na,na,na,na,Not a Pedestrian,No priority to pedestrian,Serious Injury
22:24:00,Thursday,31-50,Male,High school,Owner,5-10yr,Owner,  Recreational areas,One way,Tangent road with flat terrain,Other,Asphalt roads,Dry,Darkness - lights lit,Normal,Vehicle with vehicle collision,3,1,Unknown,Driver or rider,Male,18-30,3,Not a Pedestrian,No priority to vehicle,Serious Injury
22:24:00,Thursday,31-50,Male,Junior high school,Employee,Above 10yr,Owner,  Market areas,Undivided Two way,Tangent road with flat terrain,Other,Asphalt roads,Dry,Darkness - lights lit,Normal,Vehicle with vehicle collision,3,1,Other,Pedestrian,Male,Under 18,3,Not a Pedestrian,Driving carelessly,Serious Injury
18:30:00,Thursday,18-30,Male,Junior high school,Employee,Below 1yr,Owner,Other,Two-way (divided with broken lines road marking),Tangent road with flat terrain,No junction,Asphalt roads,Dry,Daylight,Normal,Collision with pedestrians,1,1,Getting off,Pedestrian,Male,Over 51,3,Crossing from nearside - masked by parked or statioNot a Pedestrianry vehicle,Moving Backward,Serious Injury
16:55:00,Friday,31-50,Male,Junior high school,Other,Below 1yr,Owner,Other,Two-way (divided with broken lines road marking),Tangent road with flat terrain,No junction,Asphalt roads,Dry,Daylight,Normal,Rollover,2,3,Going straight,Driver or rider,Male,31-50,3,Not a Pedestrian,Driving carelessly,Slight Injury
16:55:00,Friday,31-50,Male,Junior high school,Employee,Above 10yr,Owner, Industrial areas,Two-way (divided with broken lines road marking),Tangent road with flat terrain,No junction,Asphalt roads,Dry,Daylight,Normal,Vehicle with vehicle collision,2,3,Going straight,na,na,na,na,Not a Pedestrian,No priority to vehicle,Slight Injury
16:55:00,Friday,31-50,Male,High school,Owner,5-10yr,Governmental,Other,Two-way (divided with broken lines road marking),Tangent road with flat terrain,No junction,Asphalt roads,Dry,Daylight,Normal,Rollover,2,3,Going straight,Pedestrian,Female,18-30,3,Crossing from nearside - masked by parked or statioNot a Pedestrianry vehicle,Changing lane to the right,Slight Injury
16:40:00,Wednesday,Under 18,Male,Elementary school,Owner,5-10yr,Governmental,Office areas,other,Tangent road with flat terrain,No junction,Asphalt roads,Dry,Daylight,Normal,Vehicle with vehicle collision,2,1,Other,na,na,na,na,Not a Pedestrian,Changing lane to the left,Slight Injury
16:40:00,Wednesday,18-30,Male,Junior high school,Employee,2-5yr,Owner,Unknown,other,Tangent road with flat terrain,No junction,Asphalt roads,Dry,Daylight,Normal,Vehicle with vehicle collision,2,1,Going straight,Driver or rider,Male,18-30,3,Not a Pedestrian,No priority to vehicle,Slight Injury
21:51:00,Friday,18-30,Male,Junior high school,Employee,2-5yr,Owner,Office areas,Two-way (divided with broken lines road marking),Tangent road with flat terrain,Y Shape,Asphalt roads,Dry,Darkness - lights lit,Normal,Vehicle with vehicle collision,2,4,Moving Backward,Passenger,Female,Under 18,3,Not a Pedestrian,Driving carelessly,Slight Injury
21:51:00,Friday,18-30,Male,Above high school,Employee,5-10yr,Owner,Office areas,Undivided Two way,Tangent road with flat terrain,Y Shape,Asphalt roads,Dry,Darkness - lights lit,Normal,Fall from vehicles,2,4,Other,Pedestrian,Male,31-50,3,Not a Pedestrian,Moving Backward,Slight Injury
21:51:00,Friday,31-50,Male,Junior high school,Owner,2-5yr,Organization,Other,other,Tangent road with flat terrain,Y Shape,Asphalt roads,Dry,Darkness - lights lit,Normal,Vehicle with vehicle collision,2,4,Going straight,Driver or rider,Male,Over 51,3,Not a Pedestrian,No distancing,Slight Injury
21:51:00,Friday,31-50,Male,Unknown,Unknown,Unknown,Governmental,Other,other,Tangent road with flat terrain,Y Shape,Asphalt roads,Dry,Darkness - lights lit,Normal,Collision with roadside objects,2,4,Going straight,na,na,na,na,Not a Pedestrian,Changing lane to the left,Slight Injury
19:40:00,Friday,31-50,Male,Junior high school,Employee,2-5yr,Owner,Other,Undivided Two way,Tangent road with flat terrain,Crossing,Asphalt roads,Dry,Daylight,Normal,Vehicle with vehicle collision,2,1,Going straight,Pedestrian,Female,31-50,2,Not a Pedestrian,Changing lane to the left,Slight Injury
19:40:00,Friday,31-50,Male,Junior high school,Employee,5-10yr,Owner,Other,other,Tangent road with flat terrain,Crossing,Asphalt roads,Dry,Daylight,Normal,Vehicle with vehicle collision,2,1,Unknown,na,na,na,na,Not a Pedestrian,No distancing,Slight Injury
10:30:00,Monday,18-30,Male,Junior high school,Employee,2-5yr,Owner,Residential areas,Undivided Two way,Tangent road with flat terrain,No junction,Asphalt roads,Dry,Daylight,Normal,Vehicle with vehicle collision,2,1,Going straight,Driver or rider,Male,18-30,2,Not a Pedestrian,Changing lane to the left,Slight Injury
10:30:00,Monday,Unknown,Male,Elementary school,Employee,1-2yr,Owner, Church areas,Undivided Two way,Tangent road with flat terrain,No junction,Asphalt roads,Dry,Daylight,Normal,Collision with pedestrians,2,1,Going straight,Driver or rider,Male,31-50,2,Not a Pedestrian,Driving carelessly,Slight Injury
17:30:00,Wednesday,Unknown,Male,High school,Employee,Unknown,Owner,Office areas,Double carriageway (median),Tangent road with flat terrain,T Shape,Asphalt roads,Dry,Darkness - lights lit,Normal,Vehicle with vehicle collision,2,1,Going straight,Driver or rider,Male,Under 18,3,Not a Pedestrian,Changing lane to the left,Slight Injury
17:30:00,Wednesday,Unknown,Male,Junior high school,Owner,1-2yr,Owner, Church areas,other,Tangent road with flat terrain,X Shape,Asphalt roads,Dry,Darkness - lights lit,Normal,Vehicle with vehicle collision,2,1,Going straight,Pedestrian,Male,Over 51,3,Not a Pedestrian,No distancing,Slight Injury
16:00:00,Tuesday,Over 51,Male,Junior high school,Employee,2-5yr,Owner,Other,Two-way (divided with broken lines road marking),Tangent road with flat terrain,Y Shape,Earth roads,Dry,Daylight,Normal,Vehicle with vehicle collision,2,2,Going straight,Pedestrian,Male,Under 18,3,Not a Pedestrian,Changing lane to the right,Slight Injury
16:00:00,Tuesday,31-50,Male,Junior high school,Employee,1-2yr,Owner,Unknown,other,Tangent road with flat terrain,Y Shape,Asphalt roads,Dry,Daylight,Normal,Rollover,2,2,Going straight,Driver or rider,Female,18-30,3,Not a Pedestrian,No distancing,Slight Injury
16:00:00,Tuesday,31-50,Male,Elementary school,Employee,Above 10yr,Owner,School areas,other,Steep grade downward with mountainous terrain,Y Shape,Asphalt roads,Dry,Daylight,Normal,Collision with roadside objects,2,2,Going straight,na,na,na,na,Not a Pedestrian,Driving to the left,Slight Injury
17:50:00,Thursday,Unknown,Male,Junior high school,Employee,2-5yr,Owner,Office areas,Two-way (divided with broken lines road marking),Tangent road with mild grade and flat terrain,No junction,Other,Dry,Daylight,Normal,Vehicle with vehicle collision,2,1,Going straight,na,na,na,na,Not a Pedestrian,No distancing,Slight Injury
17:50:00,Thursday,Over 51,Male,Junior high school,Employee,2-5yr,Owner,Other,other,Steep grade downward with mountainous terrain,No junction,Asphalt roads,Dry,Daylight,Normal,Vehicle with vehicle collision,2,1,Going straight,Driver or rider,Male,31-50,3,Not a Pedestrian,Overtaking,Slight Injury
19:47:00,Sunday,Unknown,Male,Junior high school,Employee,2-5yr,Owner,Office areas,Undivided Two way,Tangent road with flat terrain,Crossing,Asphalt roads,Dry,Daylight,Normal,Collision with roadside objects,2,1,Going straight,Pedestrian,Female,31-50,3,Crossing from nearside - masked by parked or statioNot a Pedestrianry vehicle,Driving under the influence of drugs,Slight Injury
19:47:00,Sunday,18-30,Male,Junior high school,Employee,2-5yr,Owner,Other,Undivided Two way,Tangent road with flat terrain,Crossing,Asphalt roads,Dry,Daylight,Normal,Vehicle with vehicle collision,2,1,Going straight,Pedestrian,Male,Under 18,3,Not a Pedestrian,No priority to pedestrian,Slight Injury
16:10:00,Monday,Under 18,Male,Elementary school,Employee,2-5yr,Owner,Other,Two-way (divided with broken lines road marking),Tangent road with flat terrain,Y Shape,Asphalt roads,Dry,Daylight,Normal,Vehicle with vehicle collision,2,2,Unknown,Driver or rider,Male,18-30,3,Not a Pedestrian,Moving Backward,Slight Injury