Time,Day_of_week,Age_band_of_driver,Sex_of_driver,Educational_level,Vehicle_driver_relation,Driving_experience,Owner_of_vehicle,Area_accident_occured,Lanes_or_Medians,Road_allignment,Types_of_Junction,Road_surface_type,Road_surface_conditions,Light_conditions,Weather_conditions,Type_of_collision,Number_of_vehicles_involved,Number_of_casualties,Vehicle_movement,Casualty_class,Sex_of_casualty,Age_band_of_casualty,Casualty_severity,Pedestrian_movement,Cause_of_accident,Accident_severity
13:35:00,Friday,18-30,Male,Junior high school,Employee,2-5yr,Owner,Residential areas,Undivided Two way,Tangent road with flat terrain,No junction,Asphalt roads,Dry,Daylight,Normal,Vehicle with vehicle collision,2,1,Going straight,Driver or rider,Male,31-50,3,Not a Pedestrian,No distancing,Slight Injury
10:50:00,Tuesday,Over 51,Male,Junior high school,Employee,2-5yr,Owner,Residential areas,other,Tangent road with flat terrain,Y Shape,Asphalt roads,Dry,Daylight,Normal,Vehicle with vehicle collision,1,1,Reversing,na,na,na,na,Not a Pedestrian,Overturning,Serious Injury
13:03:00,Saturday,Under 18,Male,Junior high school,Employee,2-5yr,Owner,Office areas,Undivided Two way,Tangent road with flat terrain,Y Shape,Asphalt roads,Wet or damp,Daylight,Normal,Vehicle with vehicle collision,2,1,Going straight,Passenger,Male,Under 18,3,Not a Pedestrian,No priority to vehicle,Slight Injury
13:03:00,Saturday,31-50,Male,Junior high school,Employee,2-5yr,Owner,Office areas,Double carriageway (median),Escarpments,Y Shape,Asphalt roads,Wet or damp,Daylight,Normal,Vehicle with vehicle collision,2,1,Other,na,na,na,na,Not a Pedestrian,Moving Backward,Slight Injury
20:40:00,Saturday,31-50,Male,Junior high school,Employee,Above 10yr,Owner,Office areas,other,Tangent road with flat terrain,Crossing,Asphalt roads,Dry,Darkness - lights lit,Normal,Vehicle with vehicle collision,1,1,Unknown,Passenger,Female,31-50,3,Not a Pedestrian,Driving under the influence of drugs,Serious Injury
5:50:00,Thursday,31-50,Male,Junior high school,Employee,Above 10yr,Owner,Office areas,Undivided Two way,Escarpments,No junction,Asphalt roads,Wet or damp,Darkness - lights lit,Normal,Vehicle with vehicle collision,1,1,Getting off,Driver or rider,Male,31-50,2,Not a Pedestrian,Moving Backward,Slight Injury
16:30:00,Monday,18-30,Male,Elementary school,Employee,5-10yr,Owner,Office areas,One way,Tangent road with flat terrain,No junction,Asphalt roads,Dry,Daylight,Normal,Vehicle with vehicle collision,1,2,Going straight,na,na,na,na,Not a Pedestrian,Changing lane to the right,Slight Injury
16:30:00,Monday,18-30,Male,Unknown,Employee,Unknown,Owner,Office areas,Undivided Two way,Tangent road with flat terrain,No junction,Asphalt roads,Dry,Daylight,Normal,Vehicle with vehicle collision,1,2,Going straight,na,na,na,na,Not a Pedestrian,Overspeed,Slight Injury
15:50:00,Thursday,Unknown,Female,Unknown,Employee,2-5yr,Owner,Office areas,other,Tangent road with flat terrain,Y Shape,Asphalt roads,Wet or damp,Daylight,Normal,Collision with roadside objects,1,1,Going straight,Driver or rider,Male,18-30,3,Not a Pedestrian,Driving under the influence of drugs,Serious Injury
20:00:00,Friday,18-30,Male,Elementary school,Employee,5-10yr,Owner,Residential areas,other,Tangent road with flat terrain,Crossing,Asphalt roads,Dry,Darkness - lights lit,Unknown,Vehicle with vehicle collision,1,2,Going straight,Driver or rider,Male,18-30,3,Not a Pedestrian,Driving carelessly,Serious Injury
20:00:00,Friday,18-30,Male,Junior high school,Employee,5-10yr,Owner,Residential areas,One way,Tangent road with flat terrain,Crossing,Asphalt roads,Dry,Darkness - lights lit,Unknown,Vehicle with vehicle collision,1,2,Turnover,Driver or rider,Male,18-30,2,Not a Pedestrian,No distancing,Serious Injury
15:15:00,Tuesday,Over 51,Male,Junior high school,Employee,Above 10yr,Owner,Other,One way,Tangent road with flat terrain,Unknown,Asphalt roads,Dry,Daylight,Normal,Vehicle with vehicle collision,1,1,Entering a junction,Passenger,Female,Under 18,3,Not a Pedestrian,No priority to vehicle,Slight Injury
19:50:00,Wednesday,Over 51,Male,Junior high school,Employee,5-10yr,Owner, Church areas,Undivided Two way,Tangent road with flat terrain,No junction,Asphalt roads,Wet or damp,Darkness - lights lit,Normal,Vehicle with vehicle collision,2,1,Entering a junction,na,na,na,na,Not a Pedestrian,Overspeed,Slight Injury
19:50:00,Wednesday,31-50,Male,Junior high school,Employee,Above 10yr,Owner,  Recreational areas,other,Tangent road with flat terrain,No junction,Asphalt roads,Wet or damp,Darkness - lights lit,Normal,Collision with pedestrians,2,1,Entering a junction,na,na,na,na,Not a Pedestrian,Driving under the influence of drugs,Slight Injury
15:05:00,Saturday,18-30,Male,Elementary school,Employee,Below 1yr,Owner, Industrial areas,Undivided Two way,Tangent road with flat terrain,Y Shape,Asphalt roads,Wet or damp,Daylight,Normal,Vehicle with vehicle collision,1,1,Entering a junction,Driver or rider,Male,31-50,3,Not a Pedestrian,Changing lane to the right,Slight Injury
16:55:00,Friday,Over 51,Male,Elementary school,Employee,5-10yr,Owner,Residential areas,other,Tangent road with flat terrain,No junction,Asphalt roads,Dry,Daylight,Normal,Vehicle with vehicle collision,1,1,Other,Pedestrian,Female,18-30,3,Unknown or other,Changing lane to the right,Serious Injury
17:06:00,Tuesday,Over 51,Male,Elementary school,Employee,1-2yr,Owner,Residential areas,other,Tangent road with rolling terrain,Y Shape,Asphalt roads,Dry,Darkness - lights lit,Normal,Vehicle with vehicle collision,1,1,Entering a junction,na,na,na,na,Not a Pedestrian,Changing lane to the right,Serious Injury
13:00:00,Friday,Over 51,Male,Elementary school,Employee,5-10yr,Owner,Office areas,Double carriageway (median),Tangent road with flat terrain,No junction,Asphalt roads,Dry,Daylight,Normal,Vehicle with vehicle collision,3,2,Turnover,Driver or rider,Male,18-30,3,Not a Pedestrian,Changing lane to the right,Fatal injury
13:00:00,Friday,Over 51,Male,Elementary school,Employee,5-10yr,Owner,  Market areas,Undivided Two way,Tangent road with flat terrain,No junction,Asphalt roads,Dry,Daylight,Normal,Vehicle with vehicle collision,3,2,Entering a junction,Pedestrian,Male,18-30,3,Unknown or other,Moving Backward,Fatal injury
13:00:00,Friday,31-50,Male,Elementary school,Employee,2-5yr,Owner,Unknown,other,Tangent road with flat terrain,No junction,Asphalt roads,Dry,Daylight,Normal,Vehicle with vehicle collision,3,2,Entering a junction,Driver or rider,Male,18-30,3,Not a Pedestrian,No distancing,Fatal injury
13:00:00,Friday,18-30,Male,Elementary school,Employee,5-10yr,Owner, Industrial areas,other,Tangent road with flat terrain,No junction,Asphalt roads,Dry,Daylight,Normal,Vehicle with vehicle collision,3,2,Entering a junction,Driver or rider,Female,18-30,3,Not a Pedestrian,Overspeed,Fatal injury
15:20:00,Thursday,18-30,Male,Unknown,Unknown,5-10yr,Owner,Residential areas,Two-way (divided with solid lines road marking),Tangent road with flat terrain,No junction,Asphalt roads,Dry,Daylight,Normal,Vehicle with vehicle collision,1,1,Entering a junction,na,na,na,na,Not a Pedestrian,No distancing,Slight Injury
9:15:00,Monday,18-30,Male,Junior high school,Employee,Above 10yr,Governmental,Residential areas,Undivided Two way,Tangent road with flat terrain,Y Shape,Asphalt roads,Dry,Daylight,Normal,Collision with pedestrians,2,1,Entering a junction,Pedestrian,Male,Under 18,3,Crossing from driver's nearside,Driving carelessly,Serious Injury
9:15:00,Monday,Unknown,Female,Junior high school,Employee,Above 10yr,Owner,Other,Undivided Two way,Tangent road with flat terrain,Y Shape,Asphalt roads,Dry,Daylight,Normal,Vehicle with vehicle collision,2,1,Other,Driver or rider,Male,18-30,3,Not a Pedestrian,No distancing,Serious Injury
14:30:00,Friday,31-50,Male,Elementary school,Employee,Below 1yr,Governmental,Residential areas,other,Tangent road with flat terrain,No junction,Asphalt roads,Dry,Daylight,Normal,Vehicle with vehicle collision,3,1,Going straight,na,na,na,na,Not a Pedestrian,No distancing,Slight Injury
14:30:00,Friday,Over 51,Male,Elementary school,Employee,5-10yr,Owner,Rural village areas,Undivided Two way,Gentle horizontal curve,No junction,Asphalt roads,Dry,Daylight,Normal,Vehicle with vehicle collision,3,1,Going straight,Pedestrian,Female,18-30,3,Not a Pedestrian,No distancing,Slight Injury
14:30:00,Friday,31-50,Male,Elementary school,Owner,5-10yr,Owner,Rural village areas,Undivided Two way,Gentle horizontal curve,No junction,Asphalt roads,Dry,Daylight,Normal,Vehicle with vehicle collision,3,1,Other,na,na,na,na,Not a Pedestrian,Changing lane to the right,Slight Injury
16:20:00,Sunday,Under 18,Male,Elementary school,Employee,2-5yr,Owner,Office areas,Double carriageway (median),Tangent road with flat terrain,Y Shape,Asphalt roads,Dry,Daylight,Normal,Collision with roadside objects,2,1,Going straight,Driver or rider,Male,18-30,3,Not a Pedestrian,No distancing,Slight Injury
16:20:00,Sunday,Unknown,Female,Elementary school,Employee,Above 10yr,Owner,Residential areas,Undivided Two way,Gentle horizontal curve,Y Shape,Asphalt roads,Dry,Daylight,Normal,Vehicle with vehicle collision,2,1,Going straight,Pedestrian,Male,18-30,3,"Walking along in carriageway, back to traffic",No priority to vehicle,Slight Injury
14:10:00,Thursday,Over 51,Male,Elementary school,Employee,2-5yr,Owner,Residential areas,other,Tangent road with flat terrain,No junction,Asphalt roads,Dry,Daylight,Normal,Vehicle with vehicle collision,4,1,Going straight,Passenger,Female,18-30,3,Not a Pedestrian,Changing lane to the left,Slight Injury
14:10:00,Thursday,31-50,Male,Junior high school,Employee,Above 10yr,Owner, Outside rural areas,other,Tangent road with flat terrain,No junction,Asphalt roads,Dry,Daylight,Normal,Vehicle with vehicle collision,4,1,Going straight,na,na,na,na,Not a Pedestrian,Moving Backward,Slight Injury
14:10:00,Thursday,Under 18,Male,Junior high school,Employee,Below 1yr,Owner,Residential areas,other,Tangent road with flat terrain,No junction,Asphalt roads,Dry,Daylight,Normal,Vehicle with vehicle collision,4,1,Going straight,Passenger,Male,Over 51,3,Not a Pedestrian,Driving carelessly,Slight Injury
14:10:00,Thursday,Unknown,Female,Junior high school,Employee,2-5yr,Owner, Church areas,other,Tangent road with flat terrain,No junction,Asphalt roads,Dry,Daylight,Normal,Vehicle with vehicle collision,4,1,Reversing,Driver or rider,Male,18-30,3,Not a Pedestrian,Changing lane to the left,Slight Injury
13:15:00,Monday,Unknown,Female,Elementary school,Employee,5-10yr,Owner,Office areas,Undivided Two way,Tangent road with flat terrain,No junction,Asphalt roads,Dry,Daylight,Normal,Vehicle with vehicle collision,2,1,Moving Backward,Pedestrian,Female,31-50,3,Crossing from nearside - masked by parked or statioNot a Pedestrianry vehicle,No priority to pedestrian,Slight Injury
13:15:00,Monday,31-50,Male,Elementary school,Employee,5-10yr,Owner,Office areas,Two-way (divided with broken lines road marking),Tangent road with mountainous terrain and,No junction,Asphalt roads,Dry,Daylight,Normal,Vehicle with vehicle collision,2,1,Overtaking,na,na,na,na,Not a Pedestrian,No distancing,Slight Injury
8:45:00,Tuesday,18-30,Male,Elementary school,Employee,1-2yr,Governmental,Office areas,Two-way (divided with broken lines road marking),Escarpments,No junction,Asphalt roads,Wet or damp,Daylight,Normal,Collision with roadside objects,1,1,Going straight,Driver or rider,Male,18-30,3,Not a Pedestrian,No distancing,Slight Injury
0:25:00,Wednesday,Under 18,Male,Elementary school,Employee,Unknown,Owner,Other,Undivided Two way,Tangent road with mountainous terrain and,No junction,Asphalt roads,Dry,Darkness - no lighting,Normal,Vehicle with vehicle collision,3,2,Going straight,Driver or rider,Male,18-30,3,Not a Pedestrian,Overturning,Slight Injury
0:25:00,Wednesday,Under 18,Male,Junior high school,Employee,1-2yr,Owner,Other,Undivided Two way,Tangent road with flat terrain,No junction,Asphalt roads,Dry,Darkness - no lighting,Normal,Vehicle with vehicle collision,3,2,Going straight,Driver or rider,Male,18-30,3,Not a Pedestrian,No distancing,Slight Injury
0:25:00,Wednesday,Unknown,Female,Unknown,Employee,5-10yr,Owner,Residential areas,Two-way (divided with broken lines road marking),Tangent road with flat terrain,No junction,Asphalt roads,Dry,Darkness - no lighting,Normal,Vehicle with vehicle collision,3,2,Going straight,na,na,na,na,Not a Pedestrian,Drunk driving,Slight Injury
0:25:00,Wednesday,Unknown,Female,Elementary school,Owner,1-2yr,Owner,Other,Two-way (divided with broken lines road marking),Tangent road with flat terrain,No junction,Asphalt roads,Dry,Darkness - no lighting,Normal,Vehicle with vehicle collision,3,2,Going straight,Driver or rider,Male,18-30,3,Not a Pedestrian,Moving Backward,Slight Injury
15:58:00,Wednesday,18-30,Male,Junior high school,Employee,5-10yr,Owner,Other,Undivided Two way,Tangent road with mild grade and flat terrain,No junction,Asphalt roads,Dry,Daylight,Normal,Rollover,2,1,Going straight,na,na,na,na,Not a Pedestrian,No priority to pedestrian,Slight Injury
15:58:00,Wednesday,31-50,Male,Junior high school,Employee,2-5yr,Owner,Other,Two-way (divided with broken lines road marking),Tangent road with flat terrain,No junction,Asphalt roads,Dry,Daylight,Normal,Vehicle with vehicle collision,2,1,Going straight,Driver or rider,Male,31-50,3,Not a Pedestrian,Changing lane to the left,Slight Injury
8:15:00,Wednesday,31-50,Male,Junior high school,Employee,2-5yr,Governmental,Other,Undivided Two way,Tangent road with flat terrain,Y Shape,Asphalt roads,Dry,Daylight,Other,Vehicle with vehicle collision,2,1,Going straight,na,na,na,na,Not a Pedestrian,Changing lane to the left,Slight Injury
8:15:00,Wednesday,Over 51,Male,Junior high school,Employee,5-10yr,Owner,Other,Double carriageway (median),Tangent road with mild grade and flat terrain,Y Shape,Asphalt roads,Dry,Daylight,Other,Collision with roadside objects,2,1,Going straight,na,na,na,na,Not a Pedestrian,Getting off the vehicle improperly,Slight Injury
20:55:00,Saturday,31-50,Male,Junior high school,Owner,Below 1yr,Owner,Other,Two-way (divided with broken lines road marking),Tangent road with flat terrain,Y Shape,Asphalt roads,Wet or damp,Darkness - lights lit,Normal,Vehicle with vehicle collision,1,2,Going straight,Driver or rider,Male,18-30,2,Not a Pedestrian,No distancing,Slight Injury
20:55:00,Saturday,31-50,Male,High school,Employee,Below 1yr,Owner, Church areas,Two-way (divided with broken lines road marking),Tangent road with flat terrain,Y Shape,Asphalt roads,Wet or damp,Darkness - lights lit,Normal,Vehicle with vehicle collision,1,2,Going straight,na,na,na,na,Not a Pedestrian,Changing lane to the right,Slight Injury
1:18:00,Saturday,18-30,Male,Junior high school,Employee,Unknown,Owner,Other,Undivided Two way,Tangent road with flat terrain,No junction,Asphalt roads,Dry,Darkness - lights lit,Normal,Vehicle with vehicle collision,1,4,Other,Driver or rider,Male,31-50,3,Not a Pedestrian,Changing lane to the right,Fatal injury
1:18:00,Saturday,18-30,Male,Junior high school,Employee,Below 1yr,Organization, Industrial areas,Two-way (divided with broken lines road marking),Tangent road with flat terrain,No junction,Asphalt roads,Dry,Darkness - lights lit,Normal,Collision with roadside objects,1,4,Going straight,Pedestrian,Male,Over 51,3,Crossing from nearside - masked by parked or statioNot a Pedestrianry vehicle,Moving Backward,Fatal injury
1:18:00,Saturday,18-30,Male,Junior high school,Employee,2-5yr,Owner,Residential areas,Double carriageway (median),Tangent road with flat terrain,No junction,Asphalt roads,Dry,Darkness - lights lit,Normal,Collision with roadside objects,1,4,Moving Backward,na,na,na,na,Not a Pedestrian,Driving at high speed,Fatal injury
1:18:00,Saturday,18-30,Male,Junior high school,Employee,2-5yr,Governmental,Other,Two-way (divided with broken lines road marking),Tangent road with flat terrain,No junction,Asphalt roads,Dry,Darkness - lights lit,Normal,Vehicle with vehicle collision,1,4,Other,Driver or rider,Female,18-30,3,Not a Pedestrian,Changing lane to the left,Fatal injury
21:35:00,Wednesday,18-30,Male,Junior high school,Employee,5-10yr,Owner,Office areas,Two-way (divided with broken lines road marking),Tangent road with flat terrain,Y Shape,Asphalt roads,Wet or damp,Darkness - lights lit,Raining,Vehicle with vehicle collision,2,1,Going straight,Driver or rider,Female,18-30,3,Not a Pedestrian,Moving Backward,Slight Injury
21:35:00,Wednesday,31-50,Male,Elementary school,Employee,5-10yr,Owner, Industrial areas,Unknown,Tangent road with flat terrain,Y Shape,Asphalt roads,Wet or damp,Darkness - lights lit,Raining,Collision with roadside objects,2,1,Going straight,na,na,na,na,Not a Pedestrian,Overtaking,Slight Injury
8:20:00,Wednesday,31-50,Male,Unknown,Owner,5-10yr,Owner, Industrial areas,Double carriageway (median),Tangent road with flat terrain,Crossing,Asphalt roads,Dry,Daylight,Normal,Collision with roadside objects,2,1,Going straight,na,na,na,na,Not a Pedestrian,Changing lane to the left,Slight Injury
8:20:00,Wednesday,Under 18,Male,Junior high school,Employee,5-10yr,Owner,Other,Two-way (divided with broken lines road marking),Tangent road with flat terrain,Crossing,Asphalt roads,Dry,Daylight,Normal,Vehicle with vehicle collision,2,1,Going straight,Driver or rider,Male,31-50,3,Not a Pedestrian,Changing lane to the right,Slight Injury
11:30:00,Sunday,31-50,Male,Junior high school,Owner,5-10yr,Organization, Hospital areas,Two-way (divided with broken lines road marking),Tangent road with flat terrain,Y Shape,Asphalt roads,Dry,Daylight,Normal,Vehicle with vehicle collision,3,1,Going straight,Driver or rider,Female,18-30,3,Not a Pedestrian,Overtaking,Slight Injury
11:30:00,Sunday,Over 51,Male,Illiterate,Employee,2-5yr,Owner,Office areas,One way,Tangent road with flat terrain,Y Shape,Asphalt roads,Dry,Daylight,Normal,Vehicle with vehicle collision,3,1,Going straight,na,na,na,na,Not a Pedestrian,Overloading,Slight Injury
11:30:00,Sunday,18-30,Male,Junior high school,Employee,5-10yr,Owner, Church areas,Undivided Two way,Tangent road with flat terrain,Y Shape,Asphalt roads,Dry,Daylight,Normal,Collision with roadside objects,3,1,Going straight,Driver or rider,Male,31-50,3,Not a Pedestrian,Other,Slight Injury
7:50:00,Wednesday,31-50,Male,Junior high school,Employee,Below 1yr,Organization, Hospital areas,Undivided Two way,Tangent road with mountainous terrain and,No junction,Asphalt roads,Dry,Daylight,Normal,Vehicle with vehicle collision,2,1,Going straight,Driver or rider,Female,18-30,3,Not a Pedestrian,No priority to vehicle,Slight Injury
7:50:00,Wednesday,18-30,Male,Junior high school,Employee,1-2yr,Owner,Office areas,other,Tangent road with flat terrain,No junction,Asphalt roads,Dry,Daylight,Normal,Vehicle with vehicle collision,2,1,Going straight,na,na,na,na,Not a Pedestrian,Changing lane to the right,Slight Injury
10:26:00,Wednesday,18-30,Male,Elementary school,Employee,2-5yr,Owner,Other,Two-way (divided with broken lines road marking),Escarpments,Y Shape,Asphalt roads,Dry,Daylight,Normal,Vehicle with vehicle collision,2,1,Other,Driver or rider,Male,31-50,3,Not a Pedestrian,Moving Backward,Slight Injury
10:26:00,Wednesday,Under 18,Male,Elementary school,Employee,2-5yr,Owner,Office areas,Undivided Two way,Tangent road with flat terrain,Y Shape,Asphalt roads,Dry,Daylight,Normal,Rollover,2,1,Reversing,Pedestrian,Female,31-50,3,Not a Pedestrian,Changing lane to the left,Slight Injury
8:25:00,Wednesday,18-30,Male,Elementary school,Employee,5-10yr,Owner,Office areas,Two-way (divided with broken lines road marking),Tangent road with mountainous terrain and,No junction,Asphalt roads,Dry,Daylight,Normal,Vehicle with vehicle collision,1,1,Other,na,na,na,na,Not a Pedestrian,No priority to pedestrian,Slight Injury
15:30:00,Wednesday,31-50,Male,Junior high school,Employee,5-10yr,Owner,Other,Double carriageway (median),Steep grade downward with mountainous terrain,Crossing,Asphalt roads,Dry,Daylight,Normal,Vehicle with vehicle collision,2,1,Other,Driver or rider,Male,Over 51,3,Not a Pedestrian,No distancing,Serious Injury
15:30:00,Wednesday,31-50,Male,Unknown,Unknown,Unknown,Owner,Office areas,Undivided Two way,Tangent road with mild grade and flat terrain,Crossing,Asphalt roads,Dry,Daylight,Normal,Collision with pedestrians,2,1,Reversing,Driver or rider,Male,18-30,3,Not a Pedestrian,No priority to vehicle,Serious Injury
11:10:00,Tuesday,Over 51,Male,Junior high school,Employee,Above 10yr,Owner,Residential areas,Undivided Two way,Tangent road with flat terrain,No junction,Asphalt roads,Dry,Daylight,Normal,Vehicle with vehicle collision,1,1,Going straight,Pedestrian,Male,18-30,3,Unknown or other,No distancing,Slight Injury
4:55:00,Friday,18-30,Male,Junior high school,Employee,Above 10yr,Owner,Other,Two-way (divided with broken lines road marking),Tangent road with flat terrain,No junction,Asphalt roads,Dry,Darkness - lights lit,Normal,Vehicle with vehicle collision,2,1,Going straight,Driver or rider,Male,18-30,3,Not a Pedestrian,No distancing,Slight Injury
4:55:00,Friday,31-50,Male,Junior high school,Owner,Above 10yr,Owner,Office areas,Double carriageway (median),Tangent road with flat terrain,No junction,Asphalt roads,Dry,Darkness - lights lit,Normal,Vehicle with vehicle collision,2,1,Going straight,na,na,na,na,Not a Pedestrian,Moving Backward,Slight Injury
16:59:00,Thursday,Unknown,Female,Junior high school,Employee,Unknown,Owner,Office areas,Undivided Two way,Tangent road with mountainous terrain and,No junction,Asphalt roads,Dry,Daylight,Normal,Vehicle with vehicle collision,3,1,Going straight,Passenger,Male,31-50,3,Not a Pedestrian,Changing lane to the right,Slight Injury
16:59:00,Thursday,18-30,Male,Junior high school,Employee,5-10yr,Owner,Office areas,other,Tangent road with flat terrain,No junction,Asphalt roads,Dry,Daylight,Normal,Collision with roadside objects,3,1,Turnover,Driver or rider,Male,18-30,3,Not a Pedestrian,No priority to pedestrian,Slight Injury
16:59:00,Thursday,31-50,Male,Junior high school,Employee,2-5yr,Owner,Other,Two-way (divided with broken lines road marking),Tangent road with mild grade and flat terrain,No junction,Asphalt roads,Dry,Daylight,Normal,Vehicle with vehicle collision,3,1,Going straight,na,na,na,na,Not a Pedestrian,Moving Backward,Slight Injury
7:35:00,Monday,31-50,Male,Elementary school,Employee,5-10yr,Owner, Church areas,Undivided Two way,Tangent road with flat terrain,Y Shape,Asphalt roads,Dry,Daylight,Normal,Vehicle with vehicle collision,2,1,Going straight,na,na,na,na,Not a Pedestrian,Getting off the vehicle improperly,Slight Injury
7:35:00,Monday,31-50,Male,Junior high school,Employee,2-5yr,Owner, Industrial areas,Undivided Two way,Tangent road with flat terrain,Y Shape,Asphalt roads,Dry,Daylight,Normal,Vehicle with vehicle collision,2,1,Going straight,Driver or rider,Female,31-50,3,Not a Pedestrian,Overtaking,Slight Injury
5:53:00,Sunday,Under 18,Male,High school,Owner,5-10yr,Owner,Office areas,Double carriageway (median),Tangent road with flat terrain,No junction,Asphalt roads,Wet or damp,Daylight,Normal,Vehicle with vehicle collision,1,1,Going straight,Driver or rider,Male,31-50,3,Not a Pedestrian,Overloading,Serious Injury
12:00:00,Wednesday,31-50,Male,Junior high school,Employee,Above 10yr,Owner, Church areas,Undivided Two way,Tangent road with flat terrain,Y Shape,Asphalt roads,Wet or damp,Daylight,Raining,Collision with roadside objects,2,1,Going straight,Driver or rider,Male,18-30,3,Not a Pedestrian,Changing lane to the right,Serious Injury
12:00:00,Wednesday,18-30,Male,Junior high school,Employee,2-5yr,Owner,Office areas,Undivided Two way,Tangent road with flat terrain,Y Shape,Asphalt roads,Wet or damp,Daylight,Raining,Vehicle with vehicle collision,2,1,Moving Backward,Passenger,Female,18-30,3,Not a Pedestrian,Improper parking,Serious Injury
19:31:00,Friday,31-50,Male,Elementary school,Employee,2-5yr,Owner,Office areas,other,Tangent road with flat terrain,Crossing,Asphalt roads,Dry,Daylight,Normal,Collision with roadside objects,2,1,Going straight,na,na,na,na,Not a Pedestrian,Other,Slight Injury
19:31:00,Friday,31-50,Male,High school,Owner,Above 10yr,Owner,Residential areas,Two-way (divided with broken lines road marking),Tangent road with flat terrain,Crossing,Asphalt roads,Dry,Daylight,Normal,Vehicle with vehicle collision,2,1,Going straight,Driver or rider,Male,18-30,3,Not a Pedestrian,Changing lane to the left,Slight Injury
23:30:00,Sunday,Unknown,Female,Elementary school,Employee,1-2yr,Owner,Office areas,Two-way (divided with broken lines road marking),Tangent road with flat terrain,Crossing,Asphalt roads,Dry,Darkness - lights lit,Normal,Rollover,1,1,Turnover,na,na,na,na,Not a Pedestrian,Changing lane to the right,Slight Injury
15:45:00,Thursday,Over 51,Male,Junior high school,Employee,Above 10yr,Owner,Residential areas,Undivided Two way,Tangent road with flat terrain,No junction,Asphalt roads,Dry,Daylight,Normal,Vehicle with vehicle collision,2,1,Going straight,Driver or rider,Male,31-50,3,Not a Pedestrian,No priority to pedestrian,Slight Injury
15:45:00,Thursday,Over 51,Male,Unknown,Unknown,Unknown,Owner,Office areas,Double carriageway (median),Tangent road with flat terrain,No junction,Asphalt roads,Dry,Daylight,Normal,Vehicle with vehicle collision,2,1,Going straight,na,na,na,na,Not a Pedestrian,Overspeed,Slight Injury
11:04:00,Sunday,Over 51,Male,Junior high school,Owner,5-10yr,Owner,Office areas,Double carriageway (median),Tangent road with flat terrain,X Shape,Asphalt roads,Dry,Daylight,Normal,Vehicle with vehicle collision,2,1,Going straight,Pedestrian,Female,18-30,3,Crossing from nearside - masked by parked or statioNot a Pedestrianry vehicle,Changing lane to the left,Slight Injury
11:04:00,Sunday,31-50,Male,Above high school,Employee,5-10yr,Owner,Other,Two-way (divided with broken lines road marking),Tangent road with flat terrain,X Shape,Asphalt roads,Dry,Daylight,Normal,Vehicle with vehicle collision,2,1,Going straight,Driver or rider,Female,18-30,3,Not a Pedestrian,No priority to vehicle,Slight Injury
9:55:00,Friday,18-30,Male,Junior high school,Employee,5-10yr,Owner,Other,Two-way (divided with broken lines road marking),Tangent road with flat terrain,Crossing,Asphalt roads,Dry,Daylight,Normal,Vehicle with vehicle collision,2,1,Going straight,Driver or rider,Female,31-50,3,Not a Pedestrian,Changing lane to the right,Slight Injury
9:55:00,Friday,31-50,Male,Junior high school,Employee,Above 10yr,Owner,Residential areas,Two-way (divided with broken lines road marking),Tangent road with flat terrain,Crossing,Asphalt roads,Dry,Daylight,Normal,Collision with pedestrians,2,1,Going straight,Driver or rider,Male,31-50,3,Not a Pedestrian,No distancing,Slight Injury
18:10:00,Saturday,18-30,Male,Junior high school,Employee,1-2yr,Owner, Church areas,Two-way (divided with broken lines road marking),Tangent road with flat terrain,No junction,Earth roads,Dry,Daylight,Normal,Rollover,2,2,Moving Backward,na,na,na,na,Not a Pedestrian,No priority to pedestrian,Slight Injury
18:10:00,Saturday,18-30,Male,Junior high school,Employee,2-5yr,Governmental, Church areas,Double carriageway (median),Tangent road with flat terrain,No junction,Asphalt roads,Dry,Daylight,Normal,Vehicle with vehicle collision,2,2,Going straight,Driver or rider,Male,5,3,Not a Pedestrian,No distancing,Slight Injury
8:00:00,Monday,18-30,Male,Junior high school,Employee,Below 1yr,Owner,Residential areas,Double carriageway (median),Tangent road with flat terrain,Y Shape,Asphalt roads,Dry,Daylight,Normal,Rollover,1,1,Going straight,na,na,na,na,Not a Pedestrian,No priority to vehicle,Slight Injury
8:30:00,Wednesday,31-50,Male,Junior high school,Employee,Above 10yr,Owner,Office areas,Two-way (divided with broken lines road marking),Tangent road with mild grade and flat terrain,Y Shape,Asphalt roads,Dry,Daylight,Normal,Vehicle with vehicle collision,2,2,Going straight,Driver or rider,Male,18-30,2,Not a Pedestrian,Other,Slight Injury
8:30:00,Wednesday,18-30,Male,Junior high school,Employee,1-2yr,Owner,Office areas,Two-way (divided with broken lines road marking),Tangent road with mild grade and flat terrain,Y Shape,Asphalt roads,Dry,Daylight,Normal,Vehicle with vehicle collision,2,2,Going straight,na,na,na,na,Not a Pedestrian,Driving carelessly,Slight Injury
17:50:00,Sunday,31-50,Male,Above high school,Employee,5-10yr,Owner,Residential areas,Two-way (divided with broken lines road marking),Tangent road with flat terrain,Crossing,Asphalt roads,Dry,Daylight,Normal,Vehicle with vehicle collision,4,5,Moving Backward,Driver or rider,Male,31-50,3,Not a Pedestrian,Changing lane to the left,Slight Injury