Time,Day_of_week,Age_band_of_driver,Sex_of_driver,Educational_level,Vehicle_driver_relation,Driving_experience,Owner_of_vehicle,Area_accident_occured,Lanes_or_Medians,Road_allignment,Types_of_Junction,Road_surface_type,Road_surface_conditions,Light_conditions,Weather_conditions,Type_of_collision,Number_of_vehicles_involved,Number_of_casualties,Vehicle_movement,Casualty_class,Sex_of_casualty,Age_band_of_casualty,Casualty_severity,Pedestrian_movement,Cause_of_accident,Accident_severity
7:25:00,Wednesday,Under 18,Male,Elementary school,Employee,1-2yr,Owner,Office areas,Two-way (divided with broken lines road marking),Tangent road with flat terrain,Y Shape,Asphalt roads,Dry,Daylight,Normal,Vehicle with vehicle collision,2,1,Going straight,Driver or rider,Male,18-30,3,Not a Pedestrian,No priority to vehicle,Slight Injury
19:58:00,Sunday,Over 51,Male,Elementary school,Employee,5-10yr,Owner,Other,Two-way (divided with broken lines road marking),Tangent road with flat terrain,O Shape,Asphalt roads,Dry,Darkness - lights lit,Normal,Vehicle with vehicle collision,1,1,Going straight,Pedestrian,Male,31-50,3,Not a Pedestrian,No distancing,Slight Injury
6:50:00,Wednesday,31-50,Male,Elementary school,Employee,5-10yr,Owner,Office areas,Two-way (divided with broken lines road marking),Tangent road with mild grade and flat terrain,Y Shape,Asphalt roads,Wet or damp,Darkness - no lighting,Raining,Rollover,2,1,Going straight,Pedestrian,Male,Over 51,3,Crossing from offside - masked by  parked or statioNot a Pedestrianry vehicle,No distancing,Slight Injury
6:50:00,Wednesday,Under 18,Male,Elementary school,Employee,2-5yr,Owner,Office areas,Two-way (divided with broken lines road marking),Tangent road with flat terrain,Y Shape,Asphalt roads,Wet or damp,Darkness - no lighting,Raining,Vehicle with vehicle collision,2,1,Going straight,Pedestrian,Male,31-50,3,"In carriageway, statioNot a Pedestrianry - not crossing  (standing or playing) - masked by parked or statioNot a Pedestrianry vehicle",Moving Backward,Slight Injury
12:08:00,Friday,18-30,Male,Elementary school,Employee,5-10yr,Owner,Office areas,Two-way (divided with broken lines road marking),Sharp reverse curve,Y Shape,Asphalt roads,Dry,Daylight,Normal,Collision with roadside objects,3,2,Going straight,na,na,na,na,Not a Pedestrian,Changing lane to the right,Slight Injury
12:08:00,Friday,18-30,Male,Unknown,Unknown,5-10yr,Owner, Church areas,Undivided Two way,Sharp reverse curve,Y Shape,Asphalt roads,Dry,Daylight,Normal,Collision with pedestrians,3,2,Going straight,Pedestrian,Male,Under 18,3,Crossing from driver's nearside,No priority to pedestrian,Slight Injury
12:08:00,Friday,Over 51,Male,Junior high school,Employee,Above 10yr,Owner,Office areas,Undivided Two way,Gentle horizontal curve,Y Shape,Asphalt roads,Dry,Daylight,Normal,Vehicle with vehicle collision,3,2,Going straight,Driver or rider,Male,31-50,3,Not a Pedestrian,Moving Backward,Slight Injury
18:40:00,Tuesday,31-50,Male,Junior high school,Employee,Above 10yr,Owner,Other,Double carriageway (median),Gentle horizontal curve,Y Shape,Asphalt roads,Dry,Daylight,Normal,Vehicle with vehicle collision,2,1,Other,Driver or rider,Female,18-30,3,Not a Pedestrian,Getting off the vehicle improperly,Serious Injury
18:40:00,Tuesday,Over 51,Male,Elementary school,Employee,Below 1yr,Owner,Other,Two-way (divided with broken lines road marking),Tangent road with flat terrain,Y Shape,Asphalt roads,Dry,Daylight,Normal,Vehicle with vehicle collision,2,1,Going straight,na,na,na,na,Not a Pedestrian,Overtaking,Serious Injury
11:43:00,Sunday,Under 18,Male,Elementary school,Employee,5-10yr,Owner, Church areas,Unknown,Tangent road with mountainous terrain and,Y Shape,Asphalt roads,Dry,Daylight,Normal,Vehicle with vehicle collision,2,1,Going straight,Driver or rider,Male,18-30,3,Not a Pedestrian,Overloading,Slight Injury
11:43:00,Sunday,Over 51,Male,Elementary school,Owner,5-10yr,Owner,School areas,Undivided Two way,Tangent road with flat terrain,Y Shape,Asphalt roads,Dry,Daylight,Normal,Vehicle with vehicle collision,2,1,Moving Backward,Pedestrian,Male,18-30,2,Not a Pedestrian,Changing lane to the right,Slight Injury
12:00:00,Saturday,18-30,Male,Elementary school,Employee,2-5yr,Owner, Church areas,Two-way (divided with broken lines road marking),Tangent road with flat terrain,Y Shape,Asphalt roads,Dry,Daylight,Normal,Vehicle with vehicle collision,2,1,Going straight,Passenger,Female,31-50,3,Not a Pedestrian,Improper parking,Slight Injury
12:00:00,Saturday,18-30,Male,Elementary school,Employee,Above 10yr,Owner,Office areas,Undivided Two way,Tangent road with flat terrain,Y Shape,Asphalt roads,Dry,Daylight,Normal,Vehicle with vehicle collision,2,1,Moving Backward,Driver or rider,Male,5,3,Not a Pedestrian,Other,Slight Injury
8:58:00,Friday,31-50,Male,Elementary school,Employee,2-5yr,Owner,Other,other,Tangent road with flat terrain,No junction,Asphalt roads,Dry,Daylight,Normal,Collision with roadside objects,1,1,Other,Driver or rider,Male,31-50,3,Not a Pedestrian,Changing lane to the left,Serious Injury
8:20:00,Thursday,18-30,Male,Junior high school,Employee,Above 10yr,Owner, Church areas,Two-way (divided with broken lines road marking),Steep grade upward with mountainous terrain,No junction,Asphalt roads,Dry,Daylight,Raining,Rollover,1,1,Going straight,Pedestrian,Male,18-30,3,Crossing from driver's nearside,Changing lane to the right,Slight Injury
23:10:00,Friday,18-30,Male,Junior high school,Employee,Below 1yr,Governmental,Other,Double carriageway (median),Tangent road with flat terrain,Crossing,Earth roads,Dry,Darkness - lights lit,Normal,Vehicle with vehicle collision,2,1,Reversing,Pedestrian,Male,Under 18,3,Unknown or other,No priority to pedestrian,Slight Injury
23:10:00,Friday,31-50,Male,Junior high school,Employee,2-5yr,Governmental,Other,Double carriageway (median),Tangent road with flat terrain,Crossing,Asphalt roads,Dry,Darkness - lights lit,Normal,Collision with pedestrians,2,1,Going straight,Driver or rider,Male,18-30,3,Not a Pedestrian,Overspeed,Slight Injury
22:30:00,Sunday,18-30,Male,Elementary school,Employee,5-10yr,Organization,Office areas,Two-way (divided with broken lines road marking),Gentle horizontal curve,Crossing,Asphalt roads,Dry,Darkness - lights lit,Normal,Vehicle with vehicle collision,2,5,Other,Driver or rider,Male,31-50,3,Not a Pedestrian,Changing lane to the left,Slight Injury
22:30:00,Sunday,18-30,Male,Elementary school,Employee,5-10yr,Organization,Other,Two-way (divided with broken lines road marking),Tangent road with flat terrain,Crossing,Asphalt roads,Dry,Darkness - lights lit,Normal,Vehicle with vehicle collision,2,5,Other,Passenger,Male,18-30,3,Not a Pedestrian,No priority to vehicle,Slight Injury
22:30:00,Sunday,18-30,Male,Elementary school,Employee,1-2yr,Owner,Other,Two-way (divided with broken lines road marking),Tangent road with flat terrain,Crossing,Asphalt roads,Dry,Darkness - lights lit,Normal,Collision with pedestrians,2,5,Other,Driver or rider,Male,18-30,3,Not a Pedestrian,Changing lane to the right,Slight Injury
22:30:00,Sunday,Over 51,Male,Elementary school,Employee,Unknown,Governmental,Residential areas,Two-way (divided with broken lines road marking),Tangent road with flat terrain,Crossing,Asphalt roads,Dry,Darkness - lights lit,Normal,Collision with pedestrians,2,5,Stopping,na,na,na,na,Not a Pedestrian,No distancing,Slight Injury
22:30:00,Sunday,Over 51,Male,Junior high school,Employee,1-2yr,Owner,Residential areas,Unknown,Tangent road with flat terrain,Crossing,Asphalt roads,Dry,Darkness - lights lit,Normal,Vehicle with vehicle collision,2,5,Other,Driver or rider,Male,Under 18,3,Not a Pedestrian,No priority to pedestrian,Slight Injury
17:45:00,Tuesday,31-50,Male,Unknown,Employee,5-10yr,Owner,Office areas,Undivided Two way,Tangent road with flat terrain,No junction,Asphalt roads,Dry,Daylight,Normal,Vehicle with vehicle collision,3,1,Other,na,na,na,na,Not a Pedestrian,No distancing,Slight Injury
17:45:00,Tuesday,Unknown,Female,Elementary school,Owner,1-2yr,Owner,  Recreational areas,other,Tangent road with flat terrain,No junction,Asphalt roads,Dry,Daylight,Normal,Vehicle with vehicle collision,3,1,Other,Driver or rider,Male,18-30,3,Not a Pedestrian,No priority to vehicle,Slight Injury
17:45:00,Tuesday,Unknown,Female,Junior high school,Employee,5-10yr,Governmental,Office areas,other,Tangent road with mild grade and flat terrain,No junction,Asphalt roads,Dry,Daylight,Normal,Vehicle with vehicle collision,3,1,Going straight,na,na,na,na,Not a Pedestrian,Other,Slight Injury
14:30:00,Sunday,31-50,Male,Junior high school,Employee,2-5yr,Owner, Industrial areas,other,Tangent road with flat terrain,Y Shape,Asphalt roads with some distress,Dry,Daylight,Normal,Vehicle with vehicle collision,2,1,Going straight,na,na,na,na,Not a Pedestrian,Driving carelessly,Slight Injury
14:30:00,Sunday,Under 18,Male,Junior high school,Employee,2-5yr,Owner,Unknown,Unknown,Tangent road with flat terrain,Y Shape,Asphalt roads,Dry,Daylight,Normal,Collision with roadside objects,2,1,Going straight,Driver or rider,Male,Over 51,3,Not a Pedestrian,Changing lane to the left,Slight Injury
6:10:00,Friday,18-30,Male,Junior high school,Employee,5-10yr,Owner,Residential areas,Undivided Two way,Tangent road with flat terrain,No junction,Asphalt roads,Wet or damp,Darkness - lights lit,Normal,Vehicle with vehicle collision,2,1,Going straight,Driver or rider,Male,31-50,3,Not a Pedestrian,Driving carelessly,Serious Injury
6:10:00,Friday,18-30,Male,Junior high school,Owner,Below 1yr,Governmental,Residential areas,other,Tangent road with flat terrain,No junction,Asphalt roads,Wet or damp,Darkness - lights lit,Normal,Vehicle with vehicle collision,2,1,Going straight,Driver or rider,Female,31-50,3,Not a Pedestrian,Changing lane to the left,Serious Injury
22:10:00,Wednesday,31-50,Male,High school,Employee,Below 1yr,Owner, Industrial areas,other,Tangent road with flat terrain,Crossing,Asphalt roads,Wet or damp,Darkness - lights lit,Raining,Vehicle with vehicle collision,2,1,Going straight,na,na,na,na,Not a Pedestrian,No priority to vehicle,Slight Injury
22:10:00,Wednesday,31-50,Male,Junior high school,Employee,Unknown,Owner,Residential areas,Undivided Two way,Tangent road with flat terrain,Crossing,Asphalt roads,Wet or damp,Darkness - lights lit,Raining,Vehicle with vehicle collision,2,1,Going straight,na,na,na,na,Not a Pedestrian,No distancing,Slight Injury
19:00:00,Tuesday,Over 51,Male,Junior high school,Employee,Below 1yr,Owner,Residential areas,other,Tangent road with flat terrain,No junction,Asphalt roads,Dry,Darkness - lights lit,Normal,Vehicle with vehicle collision,2,1,Going straight,Driver or rider,Male,18-30,3,Not a Pedestrian,Changing lane to the right,Slight Injury
19:00:00,Tuesday,31-50,Male,Junior high school,Employee,2-5yr,Owner,Office areas,Undivided Two way,Tangent road with flat terrain,No junction,Asphalt roads,Dry,Darkness - lights lit,Normal,Vehicle with vehicle collision,2,1,Going straight,Driver or rider,Male,31-50,3,Not a Pedestrian,Changing lane to the right,Slight Injury
18:25:00,Wednesday,18-30,Male,Junior high school,Employee,2-5yr,Owner,Office areas,Double carriageway (median),Escarpments,No junction,Asphalt roads,Wet or damp,Darkness - lights lit,Normal,Vehicle with vehicle collision,1,1,Going straight,Passenger,Female,18-30,3,Not a Pedestrian,Driving at high speed,Slight Injury
17:11:00,Sunday,31-50,Male,Junior high school,Employee,5-10yr,Owner,Office areas,other,Tangent road with flat terrain,Y Shape,Asphalt roads,Dry,Daylight,Normal,Vehicle with vehicle collision,2,1,Going straight,na,na,na,na,Not a Pedestrian,No distancing,Slight Injury
17:11:00,Sunday,31-50,Male,Elementary school,Employee,5-10yr,Owner,Office areas,Undivided Two way,Escarpments,Y Shape,Asphalt roads,Dry,Daylight,Normal,Vehicle with vehicle collision,2,1,Reversing,Driver or rider,Male,Under 18,3,Not a Pedestrian,Changing lane to the right,Slight Injury
17:10:00,Thursday,31-50,Male,Unknown,Owner,5-10yr,Owner,Office areas,One way,Tangent road with flat terrain,Y Shape,Asphalt roads,Wet or damp,Darkness - lights lit,Normal,Vehicle with vehicle collision,2,3,Going straight,Driver or rider,Male,31-50,3,Not a Pedestrian,Changing lane to the left,Slight Injury
17:10:00,Thursday,31-50,Male,Junior high school,Employee,5-10yr,Owner,Office areas,Undivided Two way,Tangent road with flat terrain,Y Shape,Asphalt roads,Wet or damp,Darkness - lights lit,Normal,Vehicle with vehicle collision,2,3,Other,Driver or rider,Female,18-30,3,Not a Pedestrian,Getting off the vehicle improperly,Slight Injury
17:10:00,Thursday,Over 51,Male,Junior high school,Owner,5-10yr,Owner,Office areas,other,Tangent road with flat terrain,Y Shape,Asphalt roads,Wet or damp,Darkness - lights lit,Normal,Vehicle with vehicle collision,2,3,Unknown,na,na,na,na,Not a Pedestrian,Other,Slight Injury
17:50:00,Friday,18-30,Male,Illiterate,Employee,2-5yr,Owner,Residential areas,other,Tangent road with flat terrain,Crossing,Asphalt roads,Dry,Darkness - lights lit,Normal,Vehicle with vehicle collision,2,1,Getting off,Passenger,Female,Over 51,3,Not a Pedestrian,Other,Slight Injury
17:50:00,Friday,Under 18,Male,Junior high school,Employee,5-10yr,Owner,Residential areas,One way,Tangent road with flat terrain,Crossing,Asphalt roads,Dry,Darkness - lights lit,Normal,Vehicle with vehicle collision,2,1,Going straight,Pedestrian,Female,Under 18,3,Crossing from nearside - masked by parked or statioNot a Pedestrianry vehicle,No distancing,Slight Injury
8:25:00,Monday,Unknown,Female,Junior high school,Employee,Below 1yr,Owner,Other,One way,Tangent road with flat terrain,Y Shape,Asphalt roads,Wet or damp,Daylight,Raining and Windy,Vehicle with vehicle collision,1,1,Going straight,Driver or rider,Male,31-50,3,Not a Pedestrian,No priority to vehicle,Slight Injury
13:00:00,Tuesday,18-30,Male,Junior high school,Employee,1-2yr,Owner, Church areas,Undivided Two way,Tangent road with flat terrain,Y Shape,Asphalt roads,Dry,Daylight,Normal,Collision with roadside objects,2,1,Going straight,na,na,na,na,Not a Pedestrian,Overtaking,Slight Injury
13:00:00,Tuesday,Under 18,Male,Elementary school,Employee,2-5yr,Owner,  Recreational areas,other,Tangent road with flat terrain,Y Shape,Asphalt roads,Dry,Daylight,Normal,Vehicle with vehicle collision,2,1,Going straight,Driver or rider,Female,18-30,3,Not a Pedestrian,No priority to pedestrian,Slight Injury
23:45:00,Friday,Unknown,Female,Elementary school,Employee,2-5yr,Owner, Industrial areas,Undivided Two way,Tangent road with flat terrain,Crossing,Asphalt roads,Wet or damp,Darkness - lights lit,Raining,Vehicle with vehicle collision,3,1,Turnover,na,na,na,na,Not a Pedestrian,No distancing,Slight Injury
23:45:00,Friday,18-30,Male,Elementary school,Employee,5-10yr,Owner,Residential areas,other,Tangent road with flat terrain,Crossing,Asphalt roads,Wet or damp,Darkness - lights lit,Raining,Vehicle with vehicle collision,3,1,Entering a junction,Driver or rider,Male,18-30,2,Not a Pedestrian,Changing lane to the right,Slight Injury
23:45:00,Friday,18-30,Female,Junior high school,Employee,5-10yr,Owner,Residential areas,other,Tangent road with rolling terrain,Crossing,Asphalt roads,Wet or damp,Darkness - lights lit,Raining,Vehicle with vehicle collision,3,1,Entering a junction,na,na,na,na,Not a Pedestrian,Driving carelessly,Slight Injury
20:50:00,Tuesday,31-50,Male,Junior high school,Employee,Above 10yr,Owner,Office areas,Double carriageway (median),Tangent road with flat terrain,Crossing,Asphalt roads,Dry,Darkness - lights lit,Normal,Collision with pedestrians,2,1,Entering a junction,Pedestrian,Male,31-50,3,Unknown or other,Changing lane to the right,Slight Injury
20:50:00,Tuesday,18-30,Male,Elementary school,Owner,2-5yr,Owner,  Market areas,Undivided Two way,Tangent road with flat terrain,Crossing,Asphalt roads,Dry,Darkness - lights lit,Normal,Vehicle with vehicle collision,2,1,Entering a junction,na,na,na,na,Not a Pedestrian,Overtaking,Slight Injury
10:54:00,Friday,31-50,Male,Junior high school,Employee,5-10yr,Owner,Unknown,other,Tangent road with flat terrain,Y Shape,Asphalt roads,Dry,Daylight,Normal,Vehicle with vehicle collision,1,1,Other,Driver or rider,Male,18-30,3,Not a Pedestrian,Other,Slight Injury
16:50:00,Monday,18-30,Male,Junior high school,Employee,Below 1yr,Owner, Industrial areas,other,Tangent road with flat terrain,No junction,Asphalt roads,Wet or damp,Darkness - lights lit,Normal,Vehicle with vehicle collision,2,2,Entering a junction,Pedestrian,Male,Over 51,2,Unknown or other,Driving to the left,Slight Injury
16:50:00,Monday,Over 51,Male,Junior high school,Employee,5-10yr,Owner,Residential areas,Two-way (divided with solid lines road marking),Tangent road with flat terrain,No junction,Asphalt roads,Wet or damp,Darkness - lights lit,Normal,Vehicle with vehicle collision,2,2,Turnover,Driver or rider,Male,31-50,3,Not a Pedestrian,Driving at high speed,Slight Injury
16:50:00,Monday,Over 51,Male,High school,Employee,Above 10yr,Governmental,Residential areas,Undivided Two way,Tangent road with flat terrain,No junction,Asphalt roads,Wet or damp,Darkness - lights lit,Normal,Vehicle with vehicle collision,2,2,Entering a junction,na,na,na,na,Not a Pedestrian,Unknown,Slight Injury
18:30:00,Sunday,Over 51,Male,Junior high school,Employee,5-10yr,Owner,Other,Undivided Two way,Tangent road with flat terrain,No junction,Asphalt roads,Wet or damp,Darkness - lights lit,Normal,Vehicle with vehicle collision,2,5,Entering a junction,na,na,na,na,Not a Pedestrian,Changing lane to the right,Slight Injury
18:30:00,Sunday,Over 51,Male,Elementary school,Employee,1-2yr,Governmental,Residential areas,other,Tangent road with flat terrain,No junction,Asphalt roads,Wet or damp,Darkness - lights lit,Normal,Vehicle with vehicle collision,2,5,Entering a junction,Driver or rider,Male,5,3,Not a Pedestrian,No distancing,Slight Injury
18:30:00,Sunday,31-50,Male,Junior high school,Employee,Unknown,Owner,Rural village areas,Undivided Two way,Gentle horizontal curve,No junction,Asphalt roads,Wet or damp,Darkness - lights lit,Normal,Vehicle with vehicle collision,2,5,Entering a junction,na,na,na,na,Not a Pedestrian,Other,Slight Injury
18:30:00,Sunday,31-50,Male,Above high school,Employee,1-2yr,Owner,Rural village areas,Undivided Two way,Gentle horizontal curve,No junction,Asphalt roads,Wet or damp,Darkness - lights lit,Normal,Collision with pedestrians,2,5,Entering a junction,Driver or rider,Male,31-50,2,Not a Pedestrian,No priority to vehicle,Slight Injury
18:30:00,Sunday,31-50,Male,Junior high school,Employee,Above 10yr,Owner,Office areas,Double carriageway (median),Tangent road with flat terrain,No junction,Asphalt roads,Wet or damp,Darkness - lights lit,Normal,Vehicle with vehicle collision,2,5,Other,Driver or rider,Male,18-30,3,Not a Pedestrian,Changing lane to the left,Slight Injury
15:50:00,Thursday,Unknown,Female,Junior high school,Employee,1-2yr,Owner,Residential areas,Undivided Two way,Gentle horizontal curve,No junction,Asphalt roads,Wet or damp,Darkness - lights lit,Raining,Vehicle with vehicle collision,2,1,Going straight,na,na,na,na,Not a Pedestrian,No priority to pedestrian,Slight Injury
15:50:00,Thursday,31-50,Male,Junior high school,Employee,5-10yr,Owner,Residential areas,other,Tangent road with flat terrain,No junction,Asphalt roads,Wet or damp,Darkness - lights lit,Raining,Vehicle with vehicle collision,2,1,Going straight,na,na,na,na,Not a Pedestrian,Overtaking,Slight Injury
15:40:00,Friday,Under 18,Male,Junior high school,Employee,2-5yr,Owner, Outside rural areas,other,Tangent road with flat terrain,Crossing,Asphalt roads,Wet or damp,Darkness - lights lit,Normal,Vehicle with vehicle collision,2,1,Other,Driver or rider,Male,31-50,2,Not a Pedestrian,Driving carelessly,Slight Injury
15:40:00,Friday,Over 51,Male,Unknown,Unknown,Unknown,Owner,Residential areas,other,Tangent road with flat terrain,Crossing,Asphalt roads,Wet or damp,Darkness - lights lit,Normal,Collision with roadside objects,2,1,Going straight,na,na,na,na,Not a Pedestrian,No priority to vehicle,Slight Injury
7:50:00,Thursday,18-30,Male,Junior high school,Employee,2-5yr,Owner, Church areas,other,Tangent road with flat terrain,O Shape,Asphalt roads,Wet or damp,Daylight,Normal,Vehicle with vehicle collision,2,1,Going straight,Driver or rider,Male,18-30,3,Not a Pedestrian,No priority to pedestrian,Serious Injury
7:50:00,Thursday,31-50,Male,Junior high school,Employee,2-5yr,Owner,Office areas,Undivided Two way,Tangent road with flat terrain,O Shape,Asphalt roads,Wet or damp,Daylight,Normal,Vehicle with vehicle collision,2,1,Going straight,Pedestrian,Female,31-50,3,Not a Pedestrian,Changing lane to the right,Serious Injury
17:05:00,Monday,31-50,Male,Junior high school,Employee,Above 10yr,Owner,Office areas,Two-way (divided with broken lines road marking),Tangent road with mountainous terrain and,Y Shape,Asphalt roads,Dry,Daylight,Normal,Vehicle with vehicle collision,1,1,Going straight,Pedestrian,Male,31-50,3,Not a Pedestrian,Driving carelessly,Serious Injury
15:25:00,Monday,31-50,Male,Junior high school,Employee,1-2yr,Governmental,Office areas,Two-way (divided with broken lines road marking),Escarpments,No junction,Asphalt roads,Wet or damp,Daylight,Cloudy,Vehicle with vehicle collision,1,1,Going straight,Driver or rider,Female,18-30,3,Not a Pedestrian,Changing lane to the right,Slight Injury
9:45:00,Monday,Over 51,Male,Above high school,Owner,1-2yr,Owner,Other,Undivided Two way,Tangent road with mountainous terrain and,Unknown,Asphalt roads,Dry,Daylight,Normal,Vehicle with vehicle collision,2,2,Reversing,na,na,na,na,Not a Pedestrian,Changing lane to the right,Slight Injury
9:45:00,Monday,Over 51,Male,Above high school,Employee,No Licence,Owner,Other,Undivided Two way,Tangent road with flat terrain,Unknown,Asphalt roads,Dry,Daylight,Normal,Vehicle with vehicle collision,2,2,Moving Backward,Driver or rider,Male,18-30,3,Not a Pedestrian,Changing lane to the left,Slight Injury
9:45:00,Monday,Unknown,Female,Junior high school,Employee,1-2yr,Owner,Residential areas,Two-way (divided with broken lines road marking),Tangent road with flat terrain,Unknown,Asphalt roads,Dry,Daylight,Normal,Vehicle with vehicle collision,2,2,Overtaking,Pedestrian,Male,Under 18,3,Not a Pedestrian,Overturning,Slight Injury
10:16:00,Friday,18-30,Male,Junior high school,Employee,5-10yr,Owner,Other,Two-way (divided with broken lines road marking),Tangent road with flat terrain,No junction,Asphalt roads,Wet or damp,Daylight,Raining,Collision with roadside objects,1,1,Going straight,Driver or rider,Male,31-50,3,Not a Pedestrian,Driving carelessly,Slight Injury
8:54:00,Thursday,Over 51,Male,Junior high school,Employee,Above 10yr,Owner,Other,Undivided Two way,Tangent road with mild grade and flat terrain,Y Shape,Asphalt roads,Wet or damp,Daylight,Other,Vehicle with vehicle collision,1,1,Going straight,na,na,na,na,Not a Pedestrian,No distancing,Slight Injury
13:00:00,Thursday,18-30,Male,Junior high school,Employee,Above 10yr,Owner,Other,Two-way (divided with broken lines road marking),Tangent road with flat terrain,No junction,Asphalt roads,Wet or damp,Daylight,Raining,Vehicle with vehicle collision,2,1,Going straight,na,na,na,na,Not a Pedestrian,Driving carelessly,Serious Injury
13:00:00,Thursday,Under 18,Male,Junior high school,Owner,5-10yr,Governmental,Other,Undivided Two way,Tangent road with flat terrain,No junction,Asphalt roads,Wet or damp,Daylight,Raining,Vehicle with vehicle collision,2,1,Going straight,Driver or rider,Male,18-30,3,Not a Pedestrian,Changing lane to the left,Serious Injury
17:10:00,Wednesday,18-30,Male,Elementary school,Employee,2-5yr,Owner,Other,Double carriageway (median),Tangent road with mild grade and flat terrain,Y Shape,Asphalt roads,Wet or damp,Darkness - lights lit,Normal,Vehicle with vehicle collision,2,1,Going straight,Driver or rider,Male,18-30,3,Not a Pedestrian,No priority to vehicle,Slight Injury
17:10:00,Wednesday,31-50,Male,Junior high school,Employee,2-5yr,Owner,Other,Two-way (divided with broken lines road marking),Tangent road with flat terrain,Y Shape,Asphalt roads,Wet or damp,Darkness - lights lit,Normal,Rollover,2,1,Going straight,na,na,na,na,Not a Pedestrian,Changing lane to the right,Slight Injury
21:00:00,Saturday,18-30,Male,Junior high school,Employee,Below 1yr,Owner, Church areas,Two-way (divided with broken lines road marking),Tangent road with flat terrain,Y Shape,Asphalt roads,Wet or damp,Darkness - lights lit,Raining,Vehicle with vehicle collision,1,1,Going straight,Driver or rider,Male,18-30,2,Not a Pedestrian,No distancing,Fatal injury
16:13:00,Wednesday,Under 18,Male,Junior high school,Employee,2-5yr,Owner,Other,Undivided Two way,Tangent road with flat terrain,Crossing,Asphalt roads,Wet or damp,Darkness - lights lit,Cloudy,Vehicle with vehicle collision,2,1,Going straight,na,na,na,na,Not a Pedestrian,Moving Backward,Slight Injury
16:13:00,Wednesday,31-50,Male,Junior high school,Employee,2-5yr,Organization, Industrial areas,Two-way (divided with broken lines road marking),Tangent road with flat terrain,Crossing,Asphalt roads,Wet or damp,Darkness - lights lit,Cloudy,Collision with roadside objects,2,1,Going straight,Driver or rider,Male,31-50,3,Not a Pedestrian,Moving Backward,Slight Injury
17:20:00,Tuesday,18-30,Male,Elementary school,Employee,5-10yr,Owner,Residential areas,Double carriageway (median),Tangent road with flat terrain,Y Shape,Asphalt roads,Dry,Darkness - lights lit,Normal,Vehicle with vehicle collision,2,1,Going straight,Pedestrian,Female,18-30,3,Not a Pedestrian,No distancing,Slight Injury
17:20:00,Tuesday,18-30,Male,Junior high school,Employee,Above 10yr,Governmental,Other,Two-way (divided with broken lines road marking),Tangent road with flat terrain,Y Shape,Asphalt roads,Dry,Darkness - lights lit,Normal,Vehicle with vehicle collision,2,1,Going straight,na,na,na,na,Not a Pedestrian,No distancing,Slight Injury
22:00:00,Saturday,31-50,Male,Unknown,Unknown,Unknown,Owner,Office areas,Two-way (divided with broken lines road marking),Tangent road with flat terrain,No junction,Asphalt roads,Wet or damp,Darkness - lights lit,Windy,Vehicle with vehicle collision,1,1,Other,Driver or rider,Female,18-30,3,Not a Pedestrian,No distancing,Slight Injury
7:58:00,Monday,18-30,Male,Junior high school,Employee,2-5yr,Owner, Industrial areas,Unknown,Tangent road with flat terrain,No junction,Asphalt roads,Wet or damp,Daylight,Raining,Collision with roadside objects,2,1,Going straight,Passenger,Female,31-50,3,Not a Pedestrian,No priority to pedestrian,Slight Injury
7:58:00,Monday,18-30,Male,Junior high school,Employee,5-10yr,Owner, Industrial areas,Double carriageway (median),Tangent road with flat terrain,No junction,Asphalt roads,Wet or damp,Daylight,Raining,Collision with roadside objects,2,1,Moving Backward,Driver or rider,Female,18-30,3,Not a Pedestrian,Driving carelessly,Slight Injury
20:16:00,Sunday,31-50,Male,Above high school,Employee,2-5yr,Owner,Other,Two-way (divided with broken lines road marking),Tangent road with flat terrain,Y Shape,Asphalt roads,Dry,Darkness - lights lit,Normal,Vehicle with vehicle collision,2,1,Other,Passenger,Female,18-30,3,Not a Pedestrian,Changing lane to the right,Slight Injury
20:16:00,Sunday,Unknown,Female,Unknown,Unknown,Unknown,Organization, Hospital areas,Two-way (divided with broken lines road marking),Tangent road with flat terrain,Y Shape,Asphalt roads,Dry,Darkness - lights lit,Normal,Vehicle with vehicle collision,2,1,Going straight,Passenger,Female,18-30,3,Not a Pedestrian,Changing lane to the left,Slight Injury
20:00:00,Saturday,Over 51,Male,Unknown,Employee,1-2yr,Owner,Office areas,One way,Tangent road with flat terrain,Crossing,Asphalt roads,Wet or damp,Darkness - lights lit,Other,Collision with roadside objects,1,1,Going straight,na,na,na,na,Not a Pedestrian,Driving carelessly,Slight Injury
18:40:00,Thursday,18-30,Male,Junior high school,Employee,2-5yr,Owner, Church areas,Undivided Two way,Tangent road with flat terrain,No junction,Asphalt roads,Wet or damp,Darkness - lights lit,Windy,Collision with roadside objects,1,1,Going straight,Driver or rider,Male,18-30,3,Not a Pedestrian,Driving carelessly,Slight Injury
16:31:00,Wednesday,31-50,Male,Junior high school,Employee,Above 10yr,Organization, Hospital areas,Undivided Two way,Tangent road with mountainous terrain and,Unknown,Asphalt roads,Wet or damp,Darkness - lights lit,Raining,Vehicle with vehicle collision,1,1,Going straight,na,na,na,na,Not a Pedestrian,No distancing,Slight Injury