Time,Day_of_week,Age_band_of_driver,Sex_of_driver,Educational_level,Vehicle_driver_relation,Driving_experience,Owner_of_vehicle,Area_accident_occured,Lanes_or_Medians,Road_allignment,Types_of_Junction,Road_surface_type,Road_surface_conditions,Light_conditions,Weather_conditions,Type_of_collision,Number_of_vehicles_involved,Number_of_casualties,Vehicle_movement,Casualty_class,Sex_of_casualty,Age_band_of_casualty,Casualty_severity,Pedestrian_movement,Cause_of_accident,Accident_severity
9:55:00,Monday,Over 51,Male,Elementary school,Employee,Above 10yr,Owner,Residential areas,other,Tangent road with flat terrain,Unknown,Asphalt roads,Wet or damp,Daylight,Raining,Vehicle with vehicle collision,2,1,Going straight,na,na,na,na,Not a Pedestrian,No distancing,Slight Injury
9:55:00,Monday,Over 51,Male,High school,Owner,1-2yr,Owner,Residential areas,Undivided Two way,Tangent road with flat terrain,Unknown,Asphalt roads with some distress,Wet or damp,Daylight,Raining,Vehicle with vehicle collision,2,1,Other,Driver or rider,Male,Under 18,3,Not a Pedestrian,Driving carelessly,Slight Injury
20:16:00,Wednesday,31-50,Male,Junior high school,Employee,2-5yr,Owner,Office areas,Double carriageway (median),Tangent road with flat terrain,Unknown,Asphalt roads,Dry,Daylight,Normal,Vehicle with vehicle collision,2,2,Going straight,Passenger,Female,Over 51,2,Not a Pedestrian,No distancing,Slight Injury
9:05:00,Monday,31-50,Male,Unknown,Employee,5-10yr,Owner,Residential areas,Two-way (divided with broken lines road marking),Steep grade downward with mountainous terrain,Unknown,Asphalt roads,Dry,Daylight,Normal,Vehicle with vehicle collision,2,2,Going straight,na,na,na,na,Not a Pedestrian,No distancing,Slight Injury
9:05:00,Monday,31-50,Male,High school,Owner,2-5yr,Governmental,Other,Two-way (divided with broken lines road marking),Tangent road with flat terrain,Unknown,Asphalt roads,Wet or damp,Darkness - lights lit,Normal,Vehicle with vehicle collision,2,1,Going straight,Pedestrian,Male,Over 51,3,Not a Pedestrian,No distancing,Slight Injury
9:05:00,Monday,Unknown,Female,High school,Employee,Above 10yr,Governmental,Other,Two-way (divided with broken lines road marking),Tangent road with flat terrain,Unknown,Asphalt roads,Wet or damp,Darkness - lights lit,Normal,Collision with pedestrians,2,1,Going straight,na,na,na,na,Not a Pedestrian,Changing lane to the right,Slight Injury
20:00:00,Wednesday,Over 51,Male,Junior high school,Employee,1-2yr,Owner,Other,Two-way (divided with broken lines road marking),Tangent road with flat terrain,Unknown,Asphalt roads,Wet or damp,Daylight,Raining,Vehicle with vehicle collision,2,2,Going straight,Driver or rider,Male,18-30,3,Not a Pedestrian,No distancing,Slight Injury
11:30:00,Tuesday,18-30,Female,Elementary school,Employee,1-2yr,Owner,School areas,Double carriageway (median),Tangent road with flat terrain,Unknown,Asphalt roads,Wet or damp,Daylight,Raining,Vehicle with vehicle collision,2,2,Moving Backward,Passenger,Female,5,3,Not a Pedestrian,No priority to vehicle,Slight Injury
11:30:00,Tuesday,18-30,Male,High school,Employee,1-2yr,Owner,School areas,Double carriageway (median),Tangent road with flat terrain,Unknown,Asphalt roads,Wet or damp,Daylight,Raining,Vehicle with vehicle collision,2,2,Moving Backward,na,na,na,na,Not a Pedestrian,Changing lane to the left,Slight Injury
11:30:00,Tuesday,Under 18,Male,Above high school,Employee,5-10yr,Owner,School areas,Undivided Two way,Tangent road with flat terrain,Unknown,Asphalt roads,Wet or damp,Darkness - lights lit,Cloudy,Vehicle with vehicle collision,2,1,Moving Backward,Driver or rider,Male,18-30,3,Not a Pedestrian,Moving Backward,Slight Injury
11:30:00,Tuesday,Under 18,Male,Unknown,Unknown,Unknown,Owner,Residential areas,One way,Tangent road with flat terrain,Unknown,Asphalt roads,Wet or damp,Darkness - lights lit,Cloudy,Collision with roadside objects,2,1,Other,Driver or rider,Male,Under 18,3,Not a Pedestrian,Driving carelessly,Slight Injury
11:30:00,Tuesday,Under 18,Male,Junior high school,Employee,5-10yr,Owner,Other,Undivided Two way,Tangent road with flat terrain,Unknown,Asphalt roads,Wet or damp,Darkness - lights lit,Raining,Vehicle with vehicle collision,2,1,Going straight,na,na,na,na,Not a Pedestrian,Changing lane to the left,Slight Injury
11:30:00,Tuesday,31-50,Male,Elementary school,Owner,5-10yr,Owner,Office areas,Two-way (divided with broken lines road marking),Tangent road with flat terrain,Unknown,Asphalt roads,Wet or damp,Darkness - lights lit,Raining,Vehicle with vehicle collision,2,1,Unknown,Driver or rider,Male,31-50,3,Not a Pedestrian,No priority to pedestrian,Slight Injury
11:30:00,Tuesday,18-30,Male,Elementary school,Employee,5-10yr,Owner,Other,Two-way (divided with broken lines road marking),Tangent road with flat terrain,Unknown,Asphalt roads,Wet or damp,Daylight,Raining,Vehicle with vehicle collision,2,2,Turnover,na,na,na,na,Not a Pedestrian,No distancing,Slight Injury
14:00:00,Saturday,31-50,Male,High school,Owner,5-10yr,Owner,School areas,Undivided Two way,Tangent road with flat terrain,Unknown,Asphalt roads,Wet or damp,Daylight,Raining,Vehicle with vehicle collision,2,2,Getting off,Driver or rider,Male,18-30,3,Not a Pedestrian,No distancing,Slight Injury
14:00:00,Saturday,18-30,Male,Junior high school,Employee,5-10yr,Owner,Other,Double carriageway (median),Tangent road with flat terrain,Unknown,Asphalt roads,Wet or damp,Daylight,Raining,Vehicle with vehicle collision,2,2,Going straight,na,na,na,na,Not a Pedestrian,Overturning,Slight Injury
20:55:00,Friday,Over 51,Male,Junior high school,Owner,1-2yr,Owner, Industrial areas,Two-way (divided with broken lines road marking),Tangent road with flat terrain,Unknown,Asphalt roads,Wet or damp,Daylight,Raining,Vehicle with vehicle collision,1,1,Going straight,Driver or rider,Female,31-50,3,Not a Pedestrian,No distancing,Serious Injury
20:55:00,Friday,Over 51,Male,Junior high school,Employee,2-5yr,Owner,Other,Two-way (divided with broken lines road marking),Tangent road with flat terrain,Unknown,Asphalt roads,Dry,Daylight,Normal,Vehicle with vehicle collision,3,2,Going straight,na,na,na,na,Not a Pedestrian,Drunk driving,Slight Injury
20:55:00,Friday,Over 51,Male,Junior high school,Owner,5-10yr,Owner,Office areas,Two-way (divided with broken lines road marking),Tangent road with flat terrain,Unknown,Asphalt roads,Dry,Daylight,Normal,Collision with roadside objects,3,2,Turnover,Driver or rider,Male,18-30,3,Not a Pedestrian,Moving Backward,Slight Injury
20:55:00,Friday,Over 51,Male,Junior high school,Owner,Above 10yr,Owner,Other,Two-way (divided with broken lines road marking),Tangent road with flat terrain,Unknown,Asphalt roads,Dry,Daylight,Normal,Vehicle with vehicle collision,3,2,Reversing,na,na,na,na,Not a Pedestrian,No priority to pedestrian,Slight Injury
20:55:00,Friday,Over 51,Male,High school,Employee,5-10yr,Owner,Other,Two-way (divided with broken lines road marking),Tangent road with flat terrain,Unknown,Asphalt roads,Dry,Daylight,Normal,Vehicle with vehicle collision,3,2,Moving Backward,Driver or rider,Female,31-50,3,Not a Pedestrian,Changing lane to the left,Slight Injury
20:55:00,Friday,18-30,Male,High school,Owner,2-5yr,Organization, Outside rural areas,Undivided Two way,Tangent road with flat terrain,Unknown,Gravel roads,Dry,Daylight,Normal,Vehicle with vehicle collision,1,1,Other,na,na,na,na,Not a Pedestrian,Changing lane to the left,Slight Injury
19:07:00,Friday,18-30,Male,Junior high school,Employee,5-10yr,Owner,Other,other,Tangent road with flat terrain,Unknown,Asphalt roads,Wet or damp,Darkness - lights lit,Windy,Vehicle with vehicle collision,1,1,Going straight,Driver or rider,Female,31-50,3,Not a Pedestrian,Getting off the vehicle improperly,Slight Injury
19:07:00,Friday,18-30,Male,Elementary school,Employee,2-5yr,Owner,Residential areas,Two-way (divided with broken lines road marking),Tangent road with flat terrain,Unknown,Asphalt roads,Dry,Darkness - lights lit,Normal,Rollover,1,1,Going straight,na,na,na,na,Not a Pedestrian,No distancing,Serious Injury
23:22:00,Saturday,Over 51,Male,Elementary school,Employee,5-10yr,Owner,Office areas,Two-way (divided with broken lines road marking),Tangent road with flat terrain,Unknown,Asphalt roads,Wet or damp,Darkness - lights lit,Normal,Vehicle with vehicle collision,2,5,Going straight,Driver or rider,Male,18-30,3,Not a Pedestrian,Changing lane to the right,Slight Injury
18:35:00,Thursday,31-50,Male,Junior high school,Employee,1-2yr,Owner,Office areas,Double carriageway (median),Tangent road with flat terrain,Unknown,Asphalt roads,Wet or damp,Darkness - lights lit,Normal,Vehicle with vehicle collision,2,5,Going straight,na,na,na,na,Not a Pedestrian,Changing lane to the right,Slight Injury
13:43:00,Monday,Over 51,Male,Junior high school,Employee,5-10yr,Owner, Hospital areas,One way,Tangent road with flat terrain,Unknown,Asphalt roads,Wet or damp,Darkness - lights lit,Normal,Collision with roadside objects,2,5,Going straight,Pedestrian,Female,Over 51,3,Not a Pedestrian,Moving Backward,Slight Injury
13:43:00,Monday,18-30,Male,Unknown,Unknown,Unknown,Owner, Industrial areas,Two-way (divided with broken lines road marking),Tangent road with flat terrain,Unknown,Asphalt roads,Wet or damp,Darkness - lights lit,Normal,Vehicle with vehicle collision,2,5,Going straight,Pedestrian,Male,31-50,3,Not a Pedestrian,Driving at high speed,Slight Injury
8:40:00,Sunday,31-50,Male,Elementary school,Employee,Above 10yr,Owner,Other,Undivided Two way,Tangent road with flat terrain,Unknown,Asphalt roads,Wet or damp,Darkness - lights lit,Normal,Vehicle with vehicle collision,2,5,Going straight,Driver or rider,Male,31-50,3,Not a Pedestrian,Changing lane to the left,Slight Injury
8:40:00,Sunday,Unknown,Male,Elementary school,Employee,Below 1yr,Owner,Office areas,Undivided Two way,Tangent road with flat terrain,Unknown,Asphalt roads,Wet or damp,Darkness - lights lit,Raining,Vehicle with vehicle collision,2,1,Going straight,na,na,na,na,Not a Pedestrian,Changing lane to the right,Slight Injury
8:28:00,Monday,Under 18,Male,Junior high school,Employee,2-5yr,Owner,Office areas,other,Tangent road with flat terrain,Unknown,Asphalt roads,Wet or damp,Darkness - lights lit,Raining,Collision with roadside objects,2,1,Going straight,Driver or rider,Male,18-30,3,Not a Pedestrian,No distancing,Slight Injury
8:28:00,Monday,18-30,Male,Elementary school,Owner,1-2yr,Owner,Residential areas,Two-way (divided with broken lines road marking),Tangent road with flat terrain,Unknown,Asphalt roads,Wet or damp,Daylight,Raining,Collision with roadside objects,2,1,Other,Passenger,Male,18-30,3,Not a Pedestrian,Changing lane to the right,Slight Injury
13:00:00,Saturday,18-30,Male,Junior high school,Owner,5-10yr,Owner,Residential areas,Unknown,Tangent road with flat terrain,Unknown,Asphalt roads,Wet or damp,Daylight,Raining,Vehicle with vehicle collision,2,1,Moving Backward,na,na,na,na,Not a Pedestrian,Changing lane to the right,Slight Injury
13:00:00,Saturday,31-50,Male,Junior high school,Employee,2-5yr,Owner,School areas,Two-way (divided with broken lines road marking),Tangent road with flat terrain,Unknown,Asphalt roads,Wet or damp,Darkness - lights lit,Unknown,Vehicle with vehicle collision,2,1,Going straight,Driver or rider,Male,18-30,3,Not a Pedestrian,No distancing,Slight Injury
16:35:00,Saturday,18-30,Male,Junior high school,Employee,2-5yr,Governmental,Other,Two-way (divided with broken lines road marking),Tangent road with flat terrain,Unknown,Asphalt roads,Wet or damp,Darkness - lights lit,Unknown,Collision with roadside objects,2,1,Moving Backward,na,na,na,na,Not a Pedestrian,Changing lane to the right,Slight Injury
16:35:00,Saturday,Under 18,Male,High school,Employee,2-5yr,Governmental,  Market areas,Undivided Two way,Tangent road with flat terrain,Unknown,Asphalt roads,Wet or damp,Darkness - lights unlit,Raining,Collision with roadside objects,2,1,Going straight,Pedestrian,Female,Under 18,3,Crossing from driver's nearside,Driving carelessly,Slight Injury
10:39:00,Wednesday,Over 51,Male,Junior high school,Employee,Above 10yr,Owner,Office areas,other,Tangent road with flat terrain,Unknown,Gravel roads,Wet or damp,Darkness - lights unlit,Raining,Vehicle with vehicle collision,2,1,Moving Backward,na,na,na,na,Not a Pedestrian,Driving carelessly,Slight Injury
12:55:00,Monday,18-30,Male,Junior high school,Employee,2-5yr,Owner, Church areas,Two-way (divided with broken lines road marking),Tangent road with flat terrain,Unknown,Asphalt roads,Dry,Daylight,Normal,Vehicle with vehicle collision,2,1,Unknown,Driver or rider,Female,18-30,3,Not a Pedestrian,Changing lane to the right,Slight Injury
12:55:00,Monday,18-30,Male,Junior high school,Employee,1-2yr,Governmental, Church areas,Two-way (divided with broken lines road marking),Tangent road with flat terrain,Unknown,Asphalt roads,Dry,Daylight,Normal,Vehicle with vehicle collision,2,1,Going straight,na,na,na,na,Not a Pedestrian,Overturning,Slight Injury
12:55:00,Monday,18-30,Male,Junior high school,Employee,2-5yr,Owner,Residential areas,Double carriageway (median),Tangent road with flat terrain,Unknown,Asphalt roads,Dry,Daylight,Normal,Collision with roadside objects,2,1,Going straight,Pedestrian,Female,31-50,3,Not a Pedestrian,Changing lane to the right,Slight Injury
15:20:00,Sunday,31-50,Male,Junior high school,Employee,5-10yr,Owner,Residential areas,Two-way (divided with broken lines road marking),Tangent road with flat terrain,Unknown,Asphalt roads,Dry,Daylight,Normal,Vehicle with vehicle collision,2,1,Going straight,Driver or rider,Male,31-50,3,Not a Pedestrian,Moving Backward,Slight Injury
15:20:00,Sunday,Over 51,Male,Junior high school,Employee,1-2yr,Owner,Residential areas,Double carriageway (median),Tangent road with flat terrain,Unknown,Earth roads,Dry,Daylight,Normal,Vehicle with vehicle collision,1,1,Going straight,na,na,na,na,Not a Pedestrian,No distancing,Slight Injury
15:20:00,Sunday,Over 51,Male,Elementary school,Employee,1-2yr,Owner,Residential areas,Two-way (divided with broken lines road marking),Tangent road with flat terrain,Unknown,Asphalt roads,Dry,Darkness - lights lit,Normal,Vehicle with vehicle collision,3,1,Other,Driver or rider,Male,Under 18,3,Not a Pedestrian,Overturning,Slight Injury
14:45:00,Sunday,31-50,Male,Junior high school,Employee,2-5yr,Owner,Other,Double carriageway (median),Tangent road with flat terrain,Unknown,Asphalt roads,Dry,Darkness - lights lit,Normal,Rollover,3,1,Going straight,na,na,na,na,Not a Pedestrian,Driving carelessly,Slight Injury
17:22:00,Tuesday,Over 51,Male,Junior high school,Employee,Above 10yr,Owner,Other,Two-way (divided with broken lines road marking),Tangent road with flat terrain,Unknown,Asphalt roads,Dry,Darkness - lights lit,Normal,Vehicle with vehicle collision,3,1,Moving Backward,na,na,na,na,Not a Pedestrian,Changing lane to the right,Slight Injury
17:22:00,Tuesday,Under 18,Male,Junior high school,Employee,Below 1yr,Owner,Residential areas,Two-way (divided with broken lines road marking),Tangent road with flat terrain,Unknown,Gravel roads,Wet or damp,Daylight,Normal,Vehicle with vehicle collision,1,1,Moving Backward,Pedestrian,Female,18-30,2,Crossing from driver's nearside,Driving at high speed,Slight Injury
10:58:00,Tuesday,31-50,Male,Junior high school,Employee,Above 10yr,Owner,Other,other,Tangent road with flat terrain,Unknown,Asphalt roads,Wet or damp,Darkness - lights lit,Normal,Collision with pedestrians,3,1,Moving Backward,Pedestrian,Female,31-50,3,Crossing from offside - masked by  parked or statioNot a Pedestrianry vehicle,Changing lane to the left,Slight Injury
10:58:00,Tuesday,Over 51,Male,Elementary school,Owner,5-10yr,Owner, Church areas,Undivided Two way,Tangent road with flat terrain,Unknown,Asphalt roads,Wet or damp,Darkness - lights lit,Normal,Vehicle with vehicle collision,3,1,Going straight,Pedestrian,Male,Under 18,3,Not a Pedestrian,Driving carelessly,Slight Injury
14:57:00,Monday,31-50,Male,Elementary school,Employee,Above 10yr,Owner,Other,Undivided Two way,Tangent road with flat terrain,Unknown,Asphalt roads,Wet or damp,Darkness - lights lit,Normal,Vehicle with vehicle collision,3,1,Going straight,Driver or rider,Male,18-30,3,Not a Pedestrian,No distancing,Slight Injury
14:57:00,Monday,Over 51,Male,Junior high school,Employee,1-2yr,Owner,Office areas,Undivided Two way,Tangent road with flat terrain,Unknown,Earth roads,Dry,Darkness - lights unlit,Normal,Vehicle with vehicle collision,2,1,Going straight,na,na,na,na,Not a Pedestrian,Moving Backward,Slight Injury
14:57:00,Monday,Unknown,Male,Unknown,Unknown,Unknown,Owner,Office areas,Two-way (divided with broken lines road marking),Tangent road with flat terrain,Unknown,Asphalt roads,Dry,Darkness - lights unlit,Normal,Vehicle with vehicle collision,2,1,Going straight,Pedestrian,Male,31-50,2,Crossing from nearside - masked by parked or statioNot a Pedestrianry vehicle,No priority to pedestrian,Slight Injury
13:10:00,Saturday,18-30,Male,High school,Owner,5-10yr,Owner,Residential areas,Undivided Two way,Tangent road with flat terrain,Unknown,Asphalt roads,Wet or damp,Darkness - lights lit,Windy,Collision with roadside objects,1,1,Other,Driver or rider,Female,Over 51,2,Not a Pedestrian,Moving Backward,Slight Injury
13:10:00,Saturday,18-30,Male,Elementary school,Employee,2-5yr,Owner,Other,Two-way (divided with broken lines road marking),Tangent road with flat terrain,Unknown,Asphalt roads,Wet or damp,Darkness - lights lit,Normal,Vehicle with vehicle collision,1,1,Going straight,Passenger,Female,Over 51,3,Not a Pedestrian,Changing lane to the right,Slight Injury
13:10:00,Saturday,Unknown,Unknown,Unknown,Unknown,Unknown,Owner, Industrial areas,Undivided Two way,Tangent road with flat terrain,Unknown,Asphalt roads,Wet or damp,Darkness - lights lit,Normal,Vehicle with vehicle collision,2,1,Going straight,Pedestrian,Male,Under 18,3,Unknown or other,No distancing,Slight Injury
8:10:00,Wednesday,Unknown,Male,Unknown,Unknown,Unknown,Owner,Office areas,Two-way (divided with broken lines road marking),Tangent road with flat terrain,Unknown,Asphalt roads,Wet or damp,Darkness - lights lit,Normal,Vehicle with vehicle collision,2,1,Going straight,Pedestrian,Female,18-30,3,Crossing from driver's nearside,Drunk driving,Slight Injury
8:10:00,Wednesday,18-30,Male,High school,Owner,1-2yr,Organization,  Recreational areas,Two-way (divided with broken lines road marking),Tangent road with flat terrain,Unknown,Earth roads,Wet or damp,Darkness - lights lit,Normal,Vehicle with vehicle collision,1,1,Reversing,na,na,na,na,Not a Pedestrian,Changing lane to the right,Slight Injury
12:30:00,Sunday,18-30,Male,Junior high school,Employee,1-2yr,Owner,Residential areas,Two-way (divided with broken lines road marking),Tangent road with flat terrain,Unknown,Asphalt roads,Dry,Darkness - lights lit,Normal,Collision with roadside objects,2,1,Moving Backward,Driver or rider,Male,18-30,3,Not a Pedestrian,Driving carelessly,Serious Injury
12:30:00,Sunday,18-30,Male,Junior high school,Employee,1-2yr,Owner,Residential areas,Undivided Two way,Tangent road with flat terrain,Unknown,Asphalt roads,Dry,Darkness - lights lit,Normal,Vehicle with vehicle collision,2,1,Going straight,na,na,na,na,Not a Pedestrian,Driving to the left,Serious Injury
12:30:00,Sunday,Unknown,Male,Junior high school,Employee,Above 10yr,Owner, Church areas,Undivided Two way,Steep grade downward with mountainous terrain,Unknown,Asphalt roads,Wet or damp,Daylight,Normal,Collision with roadside objects,1,1,Going straight,Driver or rider,Male,18-30,3,Not a Pedestrian,Changing lane to the right,Slight Injury
12:30:00,Sunday,Unknown,Male,Junior high school,Employee,1-2yr,Owner,Residential areas,Undivided Two way,Tangent road with flat terrain,Unknown,Asphalt roads,Dry,Daylight,Normal,Vehicle with vehicle collision,1,1,Reversing,Driver or rider,Male,18-30,3,Not a Pedestrian,Changing lane to the right,Serious Injury
20:01:00,Sunday,18-30,Male,High school,Owner,Above 10yr,Owner,Unknown,other,Tangent road with flat terrain,Unknown,Asphalt roads,Wet or damp,Darkness - lights lit,Raining,Rollover,2,1,Going straight,na,na,na,na,Not a Pedestrian,Driving carelessly,Slight Injury
20:01:00,Sunday,31-50,Male,Junior high school,Employee,Above 10yr,Owner,Other,Undivided Two way,Tangent road with flat terrain,Unknown,Asphalt roads,Wet or damp,Darkness - lights lit,Raining,Vehicle with vehicle collision,2,1,Reversing,Pedestrian,Female,31-50,3,Crossing from nearside - masked by parked or statioNot a Pedestrianry vehicle,Changing lane to the left,Slight Injury
18:49:00,Thursday,31-50,Male,Junior high school,Employee,1-2yr,Owner,Other,Two-way (divided with solid lines road marking),Tangent road with flat terrain,Unknown,Asphalt roads,Wet or damp,Darkness - lights lit,Cloudy,Vehicle with vehicle collision,2,1,Other,na,na,na,na,Not a Pedestrian,No priority to vehicle,Slight Injury
20:41:00,Thursday,31-50,Male,Junior high school,Employee,1-2yr,Owner, Church areas,Two-way (divided with solid lines road marking),Tangent road with flat terrain,Unknown,Asphalt roads,Wet or damp,Darkness - lights lit,Cloudy,Vehicle with vehicle collision,2,1,Unknown,Driver or rider,Female,18-30,3,Not a Pedestrian,Driving carelessly,Slight Injury
20:41:00,Thursday,18-30,Male,High school,Employee,2-5yr,Governmental,Other,Two-way (divided with solid lines road marking),Tangent road with flat terrain,Unknown,Asphalt roads,Wet or damp,Daylight,Normal,Vehicle with vehicle collision,1,1,Going straight,Passenger,Female,18-30,3,Not a Pedestrian,Changing lane to the right,Slight Injury
20:41:00,Thursday,31-50,Male,Junior high school,Employee,2-5yr,Owner, Church areas,Two-way (divided with solid lines road marking),Tangent road with flat terrain,Unknown,Asphalt roads,Wet or damp,Daylight,Raining,Vehicle with vehicle collision,2,2,Going straight,Driver or rider,Male,18-30,3,Not a Pedestrian,Driving carelessly,Slight Injury
20:41:00,Thursday,31-50,Male,Junior high school,Employee,1-2yr,Owner, Church areas,Two-way (divided with broken lines road marking),Tangent road with flat terrain,Unknown,Asphalt roads,Wet or damp,Daylight,Raining,Collision with pedestrians,2,2,Going straight,Driver or rider,Male,Over 51,3,Not a Pedestrian,Driving under the influence of drugs,Slight Injury
10:04:00,Wednesday,31-50,Male,Elementary school,Employee,5-10yr,Owner,Other,Undivided Two way,Tangent road with flat terrain,Unknown,Earth roads,Dry,Daylight,Normal,Rollover,2,2,Going straight,na,na,na,na,Not a Pedestrian,No distancing,Slight Injury
10:04:00,Wednesday,31-50,Male,Junior high school,Employee,5-10yr,Governmental,Other,Undivided Two way,Tangent road with flat terrain,Unknown,Asphalt roads,Dry,Daylight,Normal,Vehicle with vehicle collision,2,2,Going straight,na,na,na,na,Not a Pedestrian,Changing lane to the left,Slight Injury
10:04:00,Wednesday,31-50,Male,Junior high school,Employee,1-2yr,Owner,School areas,other,Tangent road with flat terrain,Unknown,Asphalt roads,Dry,Darkness - lights lit,Windy,Rollover,1,1,Going straight,Driver or rider,Male,18-30,3,Not a Pedestrian,No priority to vehicle,Slight Injury
20:30:00,Wednesday,18-30,Male,Elementary school,Other,5-10yr,Owner,Residential areas,Undivided Two way,Tangent road with flat terrain,Unknown,Asphalt roads,Wet or damp,Darkness - lights lit,Raining,Vehicle with vehicle collision,2,1,Going straight,Driver or rider,Male,31-50,2,Not a Pedestrian,Moving Backward,Slight Injury
20:30:00,Wednesday,18-30,Male,Junior high school,Employee,2-5yr,Owner,Other,Two-way (divided with broken lines road marking),Tangent road with flat terrain,Unknown,Asphalt roads,Wet or damp,Darkness - lights lit,Raining,Vehicle with vehicle collision,2,1,Going straight,na,na,na,na,Not a Pedestrian,Moving Backward,Slight Injury
20:30:00,Wednesday,18-30,Male,Elementary school,Employee,5-10yr,Owner,Office areas,Undivided Two way,Tangent road with flat terrain,Unknown,Other,Dry,Darkness - lights lit,Normal,Vehicle with vehicle collision,1,1,Going straight,Driver or rider,Male,18-30,3,Not a Pedestrian,No distancing,Fatal injury
11:15:00,Friday,Over 51,Male,Junior high school,Employee,Above 10yr,Owner,Residential areas,Undivided Two way,Tangent road with flat terrain,Unknown,Gravel roads,Wet or damp,Daylight,Raining,Fall from vehicles,2,1,Going straight,Driver or rider,Male,18-30,3,Not a Pedestrian,Changing lane to the right,Slight Injury
11:15:00,Friday,31-50,Male,Junior high school,Employee,Above 10yr,Owner,Other,One way,Steep grade downward with mountainous terrain,Unknown,Gravel roads,Wet or damp,Daylight,Raining,Vehicle with vehicle collision,2,1,Going straight,na,na,na,na,Not a Pedestrian,Changing lane to the right,Slight Injury
11:15:00,Friday,31-50,Male,Elementary school,Owner,2-5yr,Owner,Residential areas,Two-way (divided with broken lines road marking),Tangent road with flat terrain,Unknown,Asphalt roads,Snow,Darkness - lights lit,Other,Collision with roadside objects,2,1,Going straight,Driver or rider,Male,18-30,3,Not a Pedestrian,Moving Backward,Slight Injury
16:36:00,Thursday,31-50,Male,Elementary school,Employee,5-10yr,Owner,Residential areas,Undivided Two way,Tangent road with flat terrain,Unknown,Asphalt roads,Snow,Darkness - lights lit,Other,Vehicle with vehicle collision,2,1,Going straight,na,na,na,na,Not a Pedestrian,Driving carelessly,Slight Injury
16:36:00,Thursday,18-30,Male,Junior high school,Owner,1-2yr,Owner,Residential areas,Two-way (divided with broken lines road marking),Tangent road with flat terrain,Unknown,Earth roads,Dry,Daylight,Normal,Vehicle with vehicle collision,3,1,Going straight,Driver or rider,Male,31-50,3,Not a Pedestrian,Driving under the influence of drugs,Slight Injury
13:28:00,Monday,31-50,Male,Elementary school,Employee,Above 10yr,Owner,Other,other,Tangent road with flat terrain,Unknown,Asphalt roads,Dry,Daylight,Normal,Vehicle with vehicle collision,3,1,Going straight,na,na,na,na,Not a Pedestrian,No distancing,Slight Injury
13:28:00,Monday,18-30,Male,Junior high school,Employee,5-10yr,Owner,Other,Undivided Two way,Tangent road with flat terrain,Unknown,Asphalt roads,Dry,Daylight,Normal,Collision with pedestrians,3,1,Moving Backward,Driver or rider,Male,31-50,3,Not a Pedestrian,No distancing,Slight Injury
19:28:00,Friday,31-50,Male,Junior high school,Employee,2-5yr,Owner,Other,One way,Tangent road with flat terrain,Unknown,Asphalt roads,Dry,Darkness - lights lit,Normal,Vehicle with vehicle collision,2,1,Going straight,Passenger,Female,Under 18,3,Not a Pedestrian,No priority to vehicle,Slight Injury
19:28:00,Friday,31-50,Male,Elementary school,Employee,Above 10yr,Owner, Hospital areas,Undivided Two way,Tangent road with flat terrain,Unknown,Asphalt roads,Dry,Darkness - lights lit,Normal,Vehicle with vehicle collision,2,1,Going straight,Passenger,Female,31-50,3,Not a Pedestrian,Driving to the left,Slight Injury
23:35:00,Saturday,Under 18,Male,Junior high school,Employee,2-5yr,Owner,Residential areas,Undivided Two way,Tangent road with flat terrain,Unknown,Earth roads,Dry,Daylight,Normal,Vehicle with vehicle collision,2,1,Going straight,na,na,na,na,Not a Pedestrian,No priority to vehicle,Slight Injury
23:35:00,Saturday,Under 18,Male,Elementary school,Employee,Above 10yr,Owner,Residential areas,One way,Tangent road with flat terrain,Unknown,Asphalt roads,Dry,Daylight,Normal,Rollover,2,1,Unknown,Driver or rider,Male,31-50,3,Not a Pedestrian,No priority to vehicle,Slight Injury
23:35:00,Saturday,Under 18,Male,Junior high school,Employee,Above 10yr,Owner,Residential areas,Undivided Two way,Tangent road with flat terrain,Unknown,Asphalt roads,Dry,Daylight,Normal,Collision with roadside objects,1,1,Turnover,na,na,na,na,Not a Pedestrian,No priority to vehicle,Serious Injury
9:01:00,Wednesday,18-30,Male,Junior high school,Employee,2-5yr,Owner,Other,Two-way (divided with broken lines road marking),Tangent road with flat terrain,Unknown,Asphalt roads,Wet or damp,Daylight,Normal,Vehicle with vehicle collision,2,1,Going straight,Passenger,Male,Under 18,3,Not a Pedestrian,No distancing,Slight Injury
15:46:00,Thursday,31-50,Male,Junior high school,Employee,Above 10yr,Owner,Office areas,Two-way (divided with broken lines road marking),Tangent road with flat terrain,Unknown,Asphalt roads,Wet or damp,Daylight,Normal,Vehicle with vehicle collision,2,1,Going straight,na,na,na,na,Not a Pedestrian,Moving Backward,Slight Injury