Time,Day_of_week,Age_band_of_driver,Sex_of_driver,Educational_level,Vehicle_driver_relation,Driving_experience,Owner_of_vehicle,Area_accident_occured,Lanes_or_Medians,Road_allignment,Types_of_Junction,Road_surface_type,Road_surface_conditions,Light_conditions,Weather_conditions,Type_of_collision,Number_of_vehicles_involved,Number_of_casualties,Vehicle_movement,Casualty_class,Sex_of_casualty,Age_band_of_casualty,Casualty_severity,Pedestrian_movement,Cause_of_accident,Accident_severity
14:57:00,Friday,31-50,Male,Junior high school,Employee,Above 10yr,Organization,Office areas,Two-way (divided with broken lines road marking),Gentle horizontal curve,Unknown,Asphalt roads,Dry,Daylight,Normal,Collision with pedestrians,3,1,Moving Backward,na,na,na,na,Not a Pedestrian,Other,Serious Injury
14:57:00,Friday,31-50,Male,Junior high school,Employee,5-10yr,Organization,Other,Two-way (divided with broken lines road marking),Tangent road with flat terrain,Unknown,Other,Dry,Daylight,Normal,Vehicle with vehicle collision,3,1,Other,Driver or rider,Male,18-30,3,Not a Pedestrian,No priority to vehicle,Serious Injury
8:30:00,Sunday,Under 18,Male,Junior high school,Employee,Above 10yr,Owner,Other,Two-way (divided with broken lines road marking),Tangent road with flat terrain,Unknown,Asphalt roads,Dry,Daylight,Normal,Vehicle with vehicle collision,3,1,Going straight,na,na,na,na,Not a Pedestrian,Changing lane to the left,Serious Injury
22:05:00,Monday,Unknown,Male,Junior high school,Employee,2-5yr,Governmental,Residential areas,Two-way (divided with broken lines road marking),Tangent road with flat terrain,Unknown,Asphalt roads,Dry,Daylight,Normal,Vehicle with vehicle collision,2,2,Going straight,Driver or rider,Male,18-30,2,Not a Pedestrian,No priority to pedestrian,Serious Injury
22:05:00,Monday,18-30,Male,Junior high school,Employee,Below 1yr,Owner,Office areas,Two-way (divided with broken lines road marking),Tangent road with flat terrain,Unknown,Asphalt roads,Dry,Daylight,Normal,Collision with roadside objects,2,2,Going straight,Passenger,Female,18-30,3,Not a Pedestrian,Overtaking,Serious Injury
15:30:00,Friday,18-30,Male,Junior high school,Employee,Below 1yr,Owner, Church areas,One way,Tangent road with flat terrain,Unknown,Asphalt roads,Dry,Daylight,Normal,Vehicle with vehicle collision,2,2,Other,Driver or rider,Female,Over 51,3,Not a Pedestrian,Driving carelessly,Serious Injury
15:30:00,Friday,Over 51,Male,Junior high school,Owner,5-10yr,Owner,Unknown,Undivided Two way,Tangent road with flat terrain,Unknown,Asphalt roads with some distress,Dry,Darkness - lights lit,Normal,Collision with roadside objects,2,3,Going straight,na,na,na,na,Not a Pedestrian,No priority to vehicle,Slight Injury
15:30:00,Friday,Over 51,Female,Junior high school,Employee,2-5yr,Owner,  Market areas,other,Steep grade downward with mountainous terrain,Unknown,Asphalt roads,Dry,Darkness - lights lit,Normal,Vehicle with vehicle collision,2,3,Unknown,Driver or rider,Male,18-30,3,Not a Pedestrian,No priority to pedestrian,Slight Injury
21:15:00,Sunday,31-50,Male,Elementary school,Employee,Below 1yr,Owner,Other,Two-way (divided with broken lines road marking),Tangent road with mountainous terrain and,Unknown,Asphalt roads,Dry,Darkness - lights lit,Normal,Vehicle with vehicle collision,2,3,Going straight,na,na,na,na,Not a Pedestrian,Changing lane to the right,Slight Injury
21:15:00,Sunday,31-50,Male,Junior high school,Employee,2-5yr,Owner,Other,Undivided Two way,Tangent road with mountainous terrain and,Unknown,Asphalt roads,Dry,Darkness - lights lit,Normal,Collision with roadside objects,2,3,Going straight,Driver or rider,Male,18-30,3,Not a Pedestrian,Driving carelessly,Slight Injury
21:15:00,Sunday,18-30,Male,Junior high school,Employee,5-10yr,Owner, Church areas,Undivided Two way,Tangent road with flat terrain,Unknown,Asphalt roads,Dry,Daylight,Normal,Vehicle with vehicle collision,1,1,Going straight,na,na,na,na,Not a Pedestrian,Changing lane to the right,Slight Injury
21:15:00,Sunday,18-30,Male,High school,Employee,Above 10yr,Governmental,Residential areas,Undivided Two way,Tangent road with flat terrain,Unknown,Asphalt roads,Wet or damp,Daylight,Raining,Vehicle with vehicle collision,2,1,Going straight,na,na,na,na,Not a Pedestrian,Changing lane to the right,Slight Injury
16:32:00,Monday,18-30,Male,High school,Employee,Above 10yr,Owner,Other,Undivided Two way,Tangent road with flat terrain,Unknown,Earth roads,Wet or damp,Daylight,Raining,Collision with roadside objects,2,1,Moving Backward,Driver or rider,Male,31-50,3,Not a Pedestrian,Changing lane to the left,Slight Injury
16:32:00,Monday,31-50,Male,Junior high school,Employee,5-10yr,Owner,Other,Two-way (divided with broken lines road marking),Tangent road with flat terrain,Unknown,Asphalt roads,Wet or damp,Daylight,Raining,Collision with roadside objects,4,1,Moving Backward,Driver or rider,Male,31-50,3,Not a Pedestrian,Overturning,Slight Injury
16:32:00,Monday,Over 51,Male,Elementary school,Employee,1-2yr,Owner,Other,Double carriageway (median),Tangent road with flat terrain,Unknown,Asphalt roads,Wet or damp,Daylight,Raining,Vehicle with vehicle collision,4,1,Going straight,na,na,na,na,Not a Pedestrian,Driving carelessly,Slight Injury
15:30:00,Friday,31-50,Male,Elementary school,Employee,5-10yr,Owner,  Recreational areas,Two-way (divided with broken lines road marking),Tangent road with flat terrain,Unknown,Asphalt roads,Wet or damp,Daylight,Raining,Vehicle with vehicle collision,4,1,Going straight,Driver or rider,Male,31-50,3,Not a Pedestrian,No distancing,Slight Injury
15:30:00,Friday,31-50,Male,Junior high school,Employee,5-10yr,Owner,  Recreational areas,One way,Tangent road with flat terrain,Unknown,Asphalt roads,Wet or damp,Daylight,Raining,Vehicle with vehicle collision,4,1,Turnover,na,na,na,na,Not a Pedestrian,Driving carelessly,Slight Injury
14:45:00,Saturday,Over 51,Male,Junior high school,Employee,1-2yr,Owner,Other,Two-way (divided with broken lines road marking),Tangent road with flat terrain,Unknown,Asphalt roads,Dry,Daylight,Normal,Vehicle with vehicle collision,2,2,Going straight,na,na,na,na,Not a Pedestrian,Changing lane to the left,Slight Injury
19:30:00,Wednesday,31-50,Male,Junior high school,Owner,5-10yr,Organization,Office areas,Two-way (divided with broken lines road marking),Tangent road with flat terrain,Unknown,Asphalt roads,Dry,Daylight,Normal,Vehicle with vehicle collision,2,2,Going straight,Driver or rider,Male,31-50,3,Not a Pedestrian,No priority to vehicle,Slight Injury
19:30:00,Wednesday,Over 51,Female,High school,Owner,Above 10yr,Owner,Residential areas,Two-way (divided with broken lines road marking),Tangent road with flat terrain,Unknown,Asphalt roads,Dry,Daylight,Normal,Vehicle with vehicle collision,2,2,Going straight,Driver or rider,Male,Under 18,2,Not a Pedestrian,Changing lane to the right,Slight Injury
16:56:00,Friday,Over 51,Male,Unknown,Owner,Below 1yr,Owner,Other,Two-way (divided with broken lines road marking),Tangent road with flat terrain,Unknown,Asphalt roads,Wet or damp,Daylight,Normal,Vehicle with vehicle collision,1,1,Going straight,na,na,na,na,Not a Pedestrian,No distancing,Serious Injury
17:50:00,Monday,18-30,Male,Writing & reading,Owner,5-10yr,Owner,Residential areas,Undivided Two way,Steep grade downward with mountainous terrain,Unknown,Asphalt roads,Dry,Daylight,Normal,Vehicle with vehicle collision,2,1,Going straight,Pedestrian,Male,31-50,3,Not a Pedestrian,Moving Backward,Serious Injury
17:50:00,Monday,18-30,Male,Above high school,Employee,Above 10yr,Owner, Church areas,Double carriageway (median),Tangent road with flat terrain,Unknown,Asphalt roads,Dry,Daylight,Normal,Vehicle with vehicle collision,2,1,Going straight,Driver or rider,Female,31-50,3,Not a Pedestrian,Moving Backward,Serious Injury
9:04:00,Tuesday,31-50,Male,High school,Employee,Below 1yr,Owner,Other,One way,Tangent road with flat terrain,Unknown,Asphalt roads,Dry,Daylight,Normal,Vehicle with vehicle collision,2,1,Going straight,na,na,na,na,Not a Pedestrian,No distancing,Serious Injury
9:04:00,Tuesday,Over 51,Male,Junior high school,Employee,1-2yr,Owner,Office areas,Two-way (divided with broken lines road marking),Tangent road with mountainous terrain and,Unknown,Gravel roads,Dry,Daylight,Normal,Vehicle with vehicle collision,2,1,Going straight,Driver or rider,Male,31-50,3,Not a Pedestrian,No distancing,Serious Injury
10:40:00,Thursday,Over 51,Male,Junior high school,Employee,Above 10yr,Owner,Other,Undivided Two way,Tangent road with flat terrain,Unknown,Asphalt roads,Dry,Daylight,Normal,Vehicle with vehicle collision,2,1,Unknown,na,na,na,na,Not a Pedestrian,No distancing,Slight Injury
10:40:00,Thursday,Over 51,Female,Junior high school,Owner,Above 10yr,Owner,  Recreational areas,Two-way (divided with broken lines road marking),Steep grade downward with mountainous terrain,Unknown,Asphalt roads,Dry,Daylight,Normal,Vehicle with vehicle collision,2,1,Other,na,na,na,na,Not a Pedestrian,No priority to pedestrian,Slight Injury
21:15:00,Thursday,18-30,Male,Junior high school,Employee,Above 10yr,Owner,Other,Undivided Two way,Tangent road with flat terrain,Unknown,Asphalt roads,Dry,Daylight,Normal,Vehicle with vehicle collision,1,1,Getting off,Driver or rider,Female,5,3,Not a Pedestrian,Driving carelessly,Slight Injury
21:15:00,Thursday,18-30,Male,Junior high school,Employee,No Licence,Owner,Office areas,Two-way (divided with broken lines road marking),Tangent road with flat terrain,Unknown,Asphalt roads,Wet or damp,Daylight,Raining,Vehicle with vehicle collision,1,1,Going straight,na,na,na,na,Not a Pedestrian,Changing lane to the right,Slight Injury
16:00:00,Friday,Under 18,Male,Junior high school,Employee,1-2yr,Governmental,Residential areas,Undivided Two way,Tangent road with flat terrain,Unknown,Asphalt roads,Dry,Daylight,Normal,Vehicle with vehicle collision,2,1,Going straight,Driver or rider,Female,31-50,3,Not a Pedestrian,Changing lane to the left,Slight Injury
16:00:00,Friday,18-30,Male,Illiterate,Owner,1-2yr,Owner,Office areas,One way,Tangent road with flat terrain,Unknown,Asphalt roads,Dry,Daylight,Normal,Vehicle with vehicle collision,2,1,Going straight,Pedestrian,Female,18-30,3,Not a Pedestrian,Driving carelessly,Slight Injury
16:00:00,Friday,31-50,Male,Junior high school,Owner,Below 1yr,Owner,Office areas,Two-way (divided with broken lines road marking),Tangent road with flat terrain,Unknown,Asphalt roads,Dry,Daylight,Normal,Vehicle with vehicle collision,1,1,Other,Pedestrian,Female,18-30,3,Not a Pedestrian,Driving carelessly,Slight Injury
19:30:00,Saturday,18-30,Male,Junior high school,Owner,1-2yr,Owner, Church areas,Double carriageway (median),Tangent road with flat terrain,Unknown,Asphalt roads,Dry,Daylight,Normal,Collision with roadside objects,2,2,Going straight,Driver or rider,Male,31-50,3,Not a Pedestrian,No distancing,Serious Injury
19:30:00,Saturday,18-30,Male,Junior high school,Owner,2-5yr,Owner, Church areas,Undivided Two way,Tangent road with flat terrain,Unknown,Asphalt roads,Dry,Daylight,Normal,Vehicle with vehicle collision,2,2,Moving Backward,na,na,na,na,Not a Pedestrian,Other,Serious Injury
19:30:00,Saturday,18-30,Male,Unknown,Owner,5-10yr,Owner,Residential areas,Undivided Two way,Tangent road with flat terrain,Unknown,Asphalt roads,Dry,Daylight,Normal,Collision with pedestrians,2,1,Other,Driver or rider,Male,18-30,3,Not a Pedestrian,Changing lane to the right,Slight Injury
9:32:00,Sunday,31-50,Male,Unknown,Owner,Above 10yr,Owner,Other,Undivided Two way,Tangent road with flat terrain,Unknown,Asphalt roads,Dry,Daylight,Normal,Vehicle with vehicle collision,2,1,Going straight,na,na,na,na,Not a Pedestrian,Changing lane to the right,Slight Injury
9:32:00,Sunday,18-30,Male,Junior high school,Owner,2-5yr,Owner,Other,other,Tangent road with flat terrain,Unknown,Asphalt roads,Dry,Daylight,Normal,Collision with roadside objects,2,1,Going straight,Driver or rider,Male,31-50,3,Not a Pedestrian,No distancing,Slight Injury
11:19:00,Wednesday,Over 51,Male,Elementary school,Owner,Above 10yr,Owner,Unknown,Undivided Two way,Tangent road with flat terrain,Unknown,Asphalt roads,Dry,Daylight,Normal,Vehicle with vehicle collision,2,1,Going straight,na,na,na,na,Not a Pedestrian,No distancing,Slight Injury
11:19:00,Wednesday,Over 51,Female,Writing & reading,Owner,5-10yr,Owner,Residential areas,Undivided Two way,Tangent road with flat terrain,Unknown,Asphalt roads,Dry,Daylight,Normal,Vehicle with vehicle collision,2,1,Unknown,Driver or rider,Female,18-30,3,Not a Pedestrian,Overturning,Slight Injury
8:05:00,Friday,31-50,Male,Unknown,Owner,Unknown,Owner,Office areas,Undivided Two way,Tangent road with flat terrain,Unknown,Asphalt roads,Dry,Daylight,Normal,Vehicle with vehicle collision,2,1,Going straight,Driver or rider,Female,18-30,3,Not a Pedestrian,Driving at high speed,Slight Injury
6:26:00,Friday,18-30,Male,Junior high school,Owner,5-10yr,Owner,Residential areas,Undivided Two way,Tangent road with flat terrain,Unknown,Asphalt roads,Dry,Daylight,Normal,Vehicle with vehicle collision,1,1,Going straight,na,na,na,na,Not a Pedestrian,No priority to vehicle,Slight Injury
6:26:00,Friday,18-30,Male,Junior high school,Owner,Below 1yr,Owner,Other,Two-way (divided with broken lines road marking),Tangent road with flat terrain,Unknown,Asphalt roads,Dry,Daylight,Normal,Vehicle with vehicle collision,2,1,Going straight,Driver or rider,Male,18-30,3,Not a Pedestrian,No priority to pedestrian,Slight Injury
9:20:00,Thursday,18-30,Male,Junior high school,Owner,2-5yr,Owner,Other,Two-way (divided with broken lines road marking),Tangent road with flat terrain,Unknown,Asphalt roads,Dry,Daylight,Normal,Rollover,2,1,Going straight,na,na,na,na,Not a Pedestrian,No priority to vehicle,Slight Injury
9:20:00,Thursday,18-30,Male,Elementary school,Employee,2-5yr,Owner,  Recreational areas,Two-way (divided with broken lines road marking),Tangent road with flat terrain,Unknown,Asphalt roads,Dry,Darkness - lights lit,Normal,Collision with roadside objects,1,1,Going straight,Driver or rider,Male,18-30,3,Not a Pedestrian,Other,Slight Injury
9:25:00,Friday,31-50,Male,Junior high school,Employee,2-5yr,Owner, Church areas,One way,Tangent road with flat terrain,Unknown,Asphalt roads,Dry,Daylight,Normal,Vehicle with vehicle collision,2,3,Going straight,na,na,na,na,Not a Pedestrian,Other,Slight Injury
9:25:00,Friday,31-50,Male,Junior high school,Employee,2-5yr,Owner,School areas,Two-way (divided with broken lines road marking),Tangent road with flat terrain,Unknown,Asphalt roads,Dry,Daylight,Normal,Vehicle with vehicle collision,2,3,Going straight,na,na,na,na,Not a Pedestrian,Moving Backward,Slight Injury
17:50:00,Monday,Over 51,Male,Junior high school,Employee,5-10yr,Owner,Office areas,Undivided Two way,Tangent road with flat terrain,Unknown,Asphalt roads,Dry,Daylight,Normal,Collision with roadside objects,2,3,Going straight,Driver or rider,Male,31-50,3,Not a Pedestrian,No distancing,Slight Injury
17:50:00,Monday,31-50,Male,Junior high school,Employee,5-10yr,Owner,Other,Unknown,Tangent road with flat terrain,Unknown,Asphalt roads,Dry,Daylight,Normal,Vehicle with vehicle collision,2,1,Going straight,Driver or rider,Male,18-30,3,Not a Pedestrian,Moving Backward,Slight Injury
16:02:00,Sunday,31-50,Male,Junior high school,Employee,Above 10yr,Owner,Residential areas,Undivided Two way,Tangent road with flat terrain,Unknown,Asphalt roads,Dry,Daylight,Normal,Vehicle with vehicle collision,2,1,Going straight,na,na,na,na,Not a Pedestrian,No priority to vehicle,Slight Injury
16:02:00,Sunday,Under 18,Male,Elementary school,Employee,5-10yr,Owner,Other,Undivided Two way,Tangent road with flat terrain,Unknown,Earth roads,Dry,Darkness - lights lit,Normal,Vehicle with vehicle collision,3,1,Going straight,na,na,na,na,Not a Pedestrian,Driving carelessly,Slight Injury
15:36:00,Tuesday,31-50,Male,Junior high school,Employee,5-10yr,Owner,Other,other,Steep grade downward with mountainous terrain,Unknown,Asphalt roads,Dry,Darkness - lights lit,Normal,Vehicle with vehicle collision,3,1,Unknown,Driver or rider,Female,18-30,3,Not a Pedestrian,No distancing,Slight Injury
15:36:00,Tuesday,Under 18,Male,Junior high school,Employee,Above 10yr,Owner,Office areas,One way,Steep grade downward with mountainous terrain,Unknown,Asphalt roads,Dry,Darkness - lights lit,Normal,Vehicle with vehicle collision,3,1,Going straight,Passenger,Female,31-50,2,Not a Pedestrian,Other,Slight Injury
20:46:00,Saturday,18-30,Male,Elementary school,Owner,Unknown,Owner,Residential areas,Two-way (divided with broken lines road marking),Tangent road with flat terrain,Unknown,Asphalt roads,Dry,Daylight,Normal,Vehicle with vehicle collision,3,3,Going straight,Driver or rider,Male,31-50,3,Not a Pedestrian,Changing lane to the right,Slight Injury
20:46:00,Saturday,18-30,Male,Junior high school,Owner,5-10yr,Owner,Other,Two-way (divided with broken lines road marking),Tangent road with flat terrain,Unknown,Asphalt roads,Dry,Daylight,Normal,Collision with pedestrians,3,3,Going straight,na,na,na,na,Not a Pedestrian,No distancing,Slight Injury
7:25:00,Wednesday,31-50,Male,Junior high school,Employee,5-10yr,Organization,Residential areas,Undivided Two way,Tangent road with flat terrain,Unknown,Earth roads,Dry,Daylight,Normal,Vehicle with vehicle collision,3,3,Going straight,Driver or rider,Male,18-30,3,Not a Pedestrian,Driving carelessly,Slight Injury
7:25:00,Wednesday,Under 18,Male,Junior high school,Employee,Below 1yr,Owner, Church areas,Two-way (divided with broken lines road marking),Tangent road with flat terrain,Unknown,Asphalt roads,Dry,Daylight,Normal,Collision with roadside objects,3,3,Turnover,na,na,na,na,Not a Pedestrian,No distancing,Slight Injury
19:58:00,Sunday,Over 51,Male,Unknown,Unknown,Unknown,Governmental,Residential areas,Two-way (divided with broken lines road marking),Tangent road with flat terrain,Unknown,Asphalt roads,Dry,Daylight,Normal,Vehicle with vehicle collision,1,1,Moving Backward,na,na,na,na,Not a Pedestrian,No priority to vehicle,Serious Injury
6:50:00,Wednesday,31-50,Male,Junior high school,Employee,5-10yr,Owner,Office areas,One way,Tangent road with flat terrain,Unknown,Earth roads,Dry,Darkness - lights lit,Normal,Vehicle with vehicle collision,1,1,Going straight,Driver or rider,Male,18-30,3,Not a Pedestrian,Changing lane to the right,Serious Injury
6:50:00,Wednesday,Under 18,Male,Junior high school,Employee,5-10yr,Governmental,Residential areas,Two-way (divided with broken lines road marking),Tangent road with flat terrain,Unknown,Asphalt roads,Dry,Daylight,Normal,Vehicle with vehicle collision,2,1,Going straight,Pedestrian,Male,31-50,3,Unknown or other,No priority to pedestrian,Serious Injury
12:08:00,Friday,18-30,Male,Junior high school,Employee,Above 10yr,Owner,Other,One way,Tangent road with flat terrain,Unknown,Asphalt roads,Dry,Daylight,Normal,Vehicle with vehicle collision,2,1,Moving Backward,Passenger,Male,Over 51,3,Not a Pedestrian,No priority to vehicle,Serious Injury
12:08:00,Friday,18-30,Female,High school,Employee,Above 10yr,Owner, Industrial areas,Two-way (divided with broken lines road marking),Tangent road with flat terrain,Unknown,Asphalt roads,Dry,Daylight,Normal,Vehicle with vehicle collision,2,1,Going straight,Pedestrian,Female,18-30,2,Not a Pedestrian,Changing lane to the left,Slight Injury
12:08:00,Friday,Over 51,Male,Junior high school,Employee,Above 10yr,Owner, Church areas,Two-way (divided with broken lines road marking),Tangent road with flat terrain,Unknown,Asphalt roads,Dry,Daylight,Normal,Vehicle with vehicle collision,2,1,Moving Backward,na,na,na,na,Not a Pedestrian,Turnover,Slight Injury
18:40:00,Tuesday,31-50,Male,Junior high school,Employee,Above 10yr,Owner,Residential areas,Undivided Two way,Steep grade downward with mountainous terrain,Unknown,Asphalt roads,Dry,Daylight,Normal,Vehicle with vehicle collision,2,1,Going straight,Driver or rider,Male,18-30,2,Not a Pedestrian,Driving to the left,Slight Injury
18:40:00,Tuesday,Over 51,Male,Junior high school,Employee,Above 10yr,Owner,Unknown,Two-way (divided with broken lines road marking),Tangent road with flat terrain,Unknown,Asphalt roads,Dry,Daylight,Normal,Vehicle with vehicle collision,2,1,Going straight,Pedestrian,Female,18-30,3,Not a Pedestrian,Driving carelessly,Slight Injury
11:43:00,Sunday,Under 18,Female,Junior high school,Employee,Above 10yr,Owner,Unknown,Two-way (divided with broken lines road marking),Tangent road with flat terrain,Unknown,Asphalt roads,Dry,Daylight,Normal,Vehicle with vehicle collision,1,1,Going straight,na,na,na,na,Not a Pedestrian,Driving to the left,Serious Injury
11:43:00,Sunday,Over 51,Male,Junior high school,Employee,5-10yr,Owner,Office areas,Undivided Two way,Tangent road with flat terrain,Unknown,Asphalt roads,Dry,Daylight,Normal,Collision with roadside objects,6,2,Other,Driver or rider,Male,18-30,3,Not a Pedestrian,Driving carelessly,Serious Injury
12:00:00,Saturday,18-30,Male,Junior high school,Employee,2-5yr,Owner, Outside rural areas,Two-way (divided with broken lines road marking),Tangent road with mountainous terrain and,Unknown,Asphalt roads,Dry,Daylight,Normal,Vehicle with vehicle collision,6,2,Other,na,na,na,na,Not a Pedestrian,No priority to pedestrian,Serious Injury
12:00:00,Saturday,18-30,Male,Junior high school,Employee,Below 1yr,Owner, Church areas,Two-way (divided with broken lines road marking),Steep grade downward with mountainous terrain,Unknown,Asphalt roads,Dry,Daylight,Normal,Collision with roadside objects,6,2,Going straight,na,na,na,na,Not a Pedestrian,Driving carelessly,Serious Injury
8:58:00,Friday,31-50,Male,Junior high school,Employee,Below 1yr,Owner,Office areas,other,Tangent road with mountainous terrain and,Unknown,Asphalt roads,Dry,Daylight,Normal,Vehicle with vehicle collision,6,2,Reversing,Driver or rider,Male,31-50,3,Not a Pedestrian,Changing lane to the right,Serious Injury
8:20:00,Thursday,18-30,Male,Junior high school,Employee,2-5yr,Owner, Church areas,Two-way (divided with broken lines road marking),Steep grade downward with mountainous terrain,Unknown,Asphalt roads,Dry,Daylight,Normal,Vehicle with vehicle collision,6,2,Going straight,Driver or rider,Male,31-50,3,Not a Pedestrian,Moving Backward,Serious Injury
23:10:00,Friday,18-30,Male,Elementary school,Employee,Below 1yr,Owner,Office areas,other,Tangent road with mountainous terrain and,Unknown,Asphalt roads with some distress,Dry,Daylight,Normal,Unknown,6,2,Going straight,na,na,na,na,Not a Pedestrian,Driving carelessly,Serious Injury
23:10:00,Friday,31-50,Male,Junior high school,Employee,Below 1yr,Governmental,Office areas,Undivided Two way,Tangent road with flat terrain,Unknown,Asphalt roads,Dry,Daylight,Normal,Collision with pedestrians,2,2,Going straight,Driver or rider,Male,31-50,3,Not a Pedestrian,Changing lane to the right,Slight Injury
22:30:00,Sunday,18-30,Male,Junior high school,Employee,Unknown,Owner,School areas,Two-way (divided with broken lines road marking),Tangent road with flat terrain,Unknown,Asphalt roads,Dry,Daylight,Normal,Vehicle with vehicle collision,2,2,Going straight,na,na,na,na,Not a Pedestrian,Driving carelessly,Slight Injury
22:30:00,Sunday,18-30,Male,Unknown,Employee,5-10yr,Owner,Residential areas,Two-way (divided with broken lines road marking),Tangent road with flat terrain,Unknown,Asphalt roads,Dry,Daylight,Normal,Vehicle with vehicle collision,2,2,Moving Backward,na,na,na,na,Not a Pedestrian,Driving carelessly,Slight Injury
22:30:00,Sunday,18-30,Male,Writing & reading,Employee,Below 1yr,Owner,Office areas,other,Tangent road with mountainous terrain and,Unknown,Asphalt roads,Dry,Daylight,Normal,Vehicle with vehicle collision,1,1,Going straight,Driver or rider,Male,31-50,2,Not a Pedestrian,Driving carelessly,Slight Injury
22:30:00,Sunday,Over 51,Male,Junior high school,Employee,Below 1yr,Owner,Rural village areasOffice areas,other,Tangent road with flat terrain,Unknown,Asphalt roads,Dry,Daylight,Normal,Collision with pedestrians,2,1,Going straight,na,na,na,na,Not a Pedestrian,Changing lane to the right,Serious Injury
22:30:00,Sunday,Over 51,Male,Junior high school,Employee,1-2yr,Owner,Other,Two-way (divided with broken lines road marking),Tangent road with flat terrain,Unknown,Asphalt roads,Dry,Daylight,Normal,Collision with roadside objects,2,1,Going straight,Driver or rider,Male,18-30,3,Not a Pedestrian,Changing lane to the right,Serious Injury
17:45:00,Tuesday,31-50,Female,Elementary school,Employee,Above 10yr,Owner,Residential areas,Undivided Two way,Tangent road with flat terrain,Unknown,Asphalt roads,Dry,Daylight,Normal,Unknown,2,1,Going straight,Driver or rider,Male,Under 18,3,Not a Pedestrian,Driving carelessly,Serious Injury
17:45:00,Tuesday,Unknown,Male,Elementary school,Employee,Above 10yr,Owner,Office areas,Undivided Two way,Tangent road with flat terrain,Unknown,Asphalt roads,Dry,Daylight,Normal,Vehicle with vehicle collision,2,1,Going straight,Pedestrian,Male,Under 18,3,Crossing from nearside - masked by parked or statioNot a Pedestrianry vehicle,Overtaking,Serious Injury
17:45:00,Tuesday,Unknown,Male,Elementary school,Employee,Below 1yr,Owner,Office areas,Undivided Two way,Tangent road with flat terrain,Unknown,Asphalt roads,Dry,Daylight,Normal,Unknown,2,1,Moving Backward,Driver or rider,Male,18-30,3,Not a Pedestrian,Changing lane to the right,Slight Injury
14:30:00,Sunday,31-50,Male,High school,Employee,2-5yr,Owner,Residential areas,Undivided Two way,Tangent road with flat terrain,Unknown,Asphalt roads,Dry,Daylight,Normal,Unknown,2,1,Going straight,na,na,na,na,Not a Pedestrian,No distancing,Slight Injury
14:30:00,Sunday,Under 18,Male,Junior high school,Employee,2-5yr,Owner,Office areas,Undivided Two way,Tangent road with flat terrain,Unknown,Asphalt roads,Dry,Daylight,Normal,Unknown,3,2,Going straight,Driver or rider,Male,31-50,3,Not a Pedestrian,Other,Slight Injury
6:10:00,Friday,18-30,Male,Above high school,Employee,Above 10yr,Owner,Office areas,Undivided Two way,Tangent road with flat terrain,Unknown,Asphalt roads,Dry,Daylight,Normal,Vehicle with vehicle collision,3,2,Moving Backward,na,na,na,na,Not a Pedestrian,Changing lane to the right,Slight Injury
6:10:00,Friday,18-30,Male,Junior high school,Employee,2-5yr,Owner,Office areas,Unknown,Tangent road with flat terrain,Unknown,Asphalt roads,Dry,Daylight,Normal,Vehicle with vehicle collision,3,2,Moving Backward,Passenger,Female,Over 51,3,Not a Pedestrian,Changing lane to the right,Slight Injury
22:10:00,Wednesday,31-50,Male,Junior high school,Employee,2-5yr,Owner,Office areas,Two-way (divided with broken lines road marking),Tangent road with flat terrain,Unknown,Asphalt roads,Dry,Daylight,Normal,Collision with roadside objects,1,1,Going straight,Driver or rider,Male,18-30,3,Not a Pedestrian,Overtaking,Slight Injury
22:10:00,Wednesday,31-50,Male,High school,Employee,1-2yr,Owner,Other,Undivided Two way,Tangent road with flat terrain,Unknown,Asphalt roads,Dry,Daylight,Normal,Collision with roadside objects,1,1,Turnover,Passenger,Female,18-30,3,Not a Pedestrian,Other,Slight Injury
19:00:00,Tuesday,Over 51,Male,Junior high school,Employee,5-10yr,Owner,Other,Two-way (divided with broken lines road marking),Tangent road with flat terrain,Unknown,Asphalt roads,Dry,Daylight,Normal,Vehicle with vehicle collision,2,2,Turnover,Driver or rider,Male,18-30,3,Not a Pedestrian,Driving to the left,Slight Injury
19:00:00,Tuesday,31-50,Male,Junior high school,Employee,Below 1yr,Owner,Other,Two-way (divided with broken lines road marking),Tangent road with flat terrain,Unknown,Asphalt roads,Dry,Daylight,Normal,Vehicle with vehicle collision,2,2,Going straight,Passenger,Female,18-30,3,Not a Pedestrian,Overtaking,Slight Injury
18:25:00,Wednesday,18-30,Male,Junior high school,Employee,Below 1yr,Owner,Residential areas,One way,Tangent road with flat terrain,Unknown,Asphalt roads,Dry,Daylight,Normal,Vehicle with vehicle collision,2,2,Going straight,na,na,na,na,Not a Pedestrian,No priority to vehicle,Slight Injury
17:11:00,Sunday,31-50,Male,Elementary school,Employee,Unknown,Owner,School areas,Undivided Two way,Tangent road with mild grade and flat terrain,Unknown,Asphalt roads,Dry,Daylight,Normal,Vehicle with vehicle collision,1,1,Going straight,Driver or rider,Male,31-50,3,Not a Pedestrian,Moving Backward,Slight Injury
17:11:00,Sunday,31-50,Male,Junior high school,Employee,Below 1yr,Owner,Residential areas,Undivided Two way,Tangent road with mild grade and flat terrain,Unknown,Gravel roads,Dry,Daylight,Normal,Vehicle with vehicle collision,2,1,Going straight,Driver or rider,Male,18-30,2,Not a Pedestrian,Other,Slight Injury